,Time,IP Source,Port Source,IP Destination,Destination Port,Event Type,Severity,Alert Signature
0,2022-03-14 16:45:20,101.99.95.190,80,10.3.14.103,56439,alert,1,ET MALWARE Likely Evil EXE download from dotted Quad by MSXMLHTTP M1
1,2022-03-14 16:45:20,101.99.95.190,80,10.3.14.103,56439,alert,1,ET MALWARE Likely Evil EXE download from dotted Quad by MSXMLHTTP M2
2,2022-03-14 16:45:20,101.99.95.190,80,10.3.14.103,56439,alert,1,ET MALWARE Likely Evil EXE download from MSXMLHTTP non-exe extension M2
3,2022-03-14 16:45:20,101.99.95.190,80,10.3.14.103,56439,alert,1,ET POLICY PE EXE or DLL Windows file download HTTP
4,2022-03-14 16:45:20,101.99.95.190,80,10.3.14.103,56439,alert,2,ET HUNTING SUSPICIOUS Dotted Quad Host MZ Response
5,2022-03-14 16:45:20,101.99.95.190,80,10.3.14.103,56439,alert,3,ET INFO EXE - Served Attached HTTP
6,2022-03-14 16:45:22,146.70.81.64,80,10.3.14.103,56440,alert,1,ET MALWARE Likely Evil EXE download from dotted Quad by MSXMLHTTP M1
7,2022-03-14 16:45:22,146.70.81.64,80,10.3.14.103,56440,alert,1,ET MALWARE Likely Evil EXE download from dotted Quad by MSXMLHTTP M2
8,2022-03-14 16:45:22,146.70.81.64,80,10.3.14.103,56440,alert,1,ET MALWARE Likely Evil EXE download from MSXMLHTTP non-exe extension M2
9,2022-03-14 16:45:22,146.70.81.64,80,10.3.14.103,56440,alert,1,ET POLICY PE EXE or DLL Windows file download HTTP
10,2022-03-14 16:45:22,146.70.81.64,80,10.3.14.103,56440,alert,2,ET HUNTING SUSPICIOUS Dotted Quad Host MZ Response
11,2022-03-14 16:45:22,146.70.81.64,80,10.3.14.103,56440,alert,3,ET INFO EXE - Served Attached HTTP
12,2022-03-14 16:45:24,190.14.37.12,80,10.3.14.103,56441,alert,1,ET MALWARE Likely Evil EXE download from dotted Quad by MSXMLHTTP M1
13,2022-03-14 16:45:24,190.14.37.12,80,10.3.14.103,56441,alert,1,ET MALWARE Likely Evil EXE download from dotted Quad by MSXMLHTTP M2
14,2022-03-14 16:45:24,190.14.37.12,80,10.3.14.103,56441,alert,1,ET MALWARE Likely Evil EXE download from MSXMLHTTP non-exe extension M2
15,2022-03-14 16:45:24,190.14.37.12,80,10.3.14.103,56441,alert,1,ET POLICY PE EXE or DLL Windows file download HTTP
16,2022-03-14 16:45:24,190.14.37.12,80,10.3.14.103,56441,alert,2,ET HUNTING SUSPICIOUS Dotted Quad Host MZ Response
17,2022-03-14 16:45:24,190.14.37.12,80,10.3.14.103,56441,alert,3,ET INFO EXE - Served Attached HTTP
18,2022-03-14 16:53:02,10.3.14.103,56450,201.170.181.247,443,alert,3,ET JA3 Hash - [Abuse.ch] Possible Dridex
19,2022-03-14 16:53:04,10.3.14.103,56453,10.3.14.3,139,alert,3,SURICATA Applayer Detect protocol only one direction
20,2022-03-14 16:53:06,10.3.14.103,56454,201.170.181.247,443,alert,3,ET JA3 Hash - [Abuse.ch] Possible Dridex
21,2022-03-14 16:53:07,10.3.14.103,56455,201.170.181.247,443,alert,3,ET JA3 Hash - [Abuse.ch] Possible Dridex
22,2022-03-14 16:53:29,10.3.14.103,56456,201.170.181.247,443,alert,3,ET JA3 Hash - [Abuse.ch] Possible Dridex
23,2022-03-14 16:57:48,10.3.14.103,56457,201.170.181.247,443,alert,3,ET JA3 Hash - [Abuse.ch] Possible Dridex
24,2022-03-14 17:03:08,10.3.14.103,56459,201.170.181.247,443,alert,3,ET JA3 Hash - [Abuse.ch] Possible Dridex
25,2022-03-14 17:08:25,10.3.14.103,56461,201.170.181.247,443,alert,3,ET JA3 Hash - [Abuse.ch] Possible Dridex
26,2022-03-14 17:13:42,10.3.14.103,56462,201.170.181.247,443,alert,3,ET JA3 Hash - [Abuse.ch] Possible Dridex
27,2022-03-14 17:19:02,10.3.14.103,56465,201.170.181.247,443,alert,3,ET JA3 Hash - [Abuse.ch] Possible Dridex
28,2022-03-14 17:24:19,10.3.14.103,56470,201.170.181.247,443,alert,3,ET JA3 Hash - [Abuse.ch] Possible Dridex
29,2022-03-14 17:29:40,10.3.14.103,56476,201.170.181.247,443,alert,3,ET JA3 Hash - [Abuse.ch] Possible Dridex
30,2022-03-14 17:34:56,10.3.14.103,56478,201.170.181.247,443,alert,3,ET JA3 Hash - [Abuse.ch] Possible Dridex
31,2022-03-14 17:40:13,10.3.14.103,56479,201.170.181.247,443,alert,3,ET JA3 Hash - [Abuse.ch] Possible Dridex
32,2022-03-14 17:45:34,10.3.14.103,56480,201.170.181.247,443,alert,3,ET JA3 Hash - [Abuse.ch] Possible Dridex
33,2022-03-14 17:50:50,10.3.14.103,56485,201.170.181.247,443,alert,3,ET JA3 Hash - [Abuse.ch] Possible Dridex
34,2022-03-14 17:56:10,10.3.14.103,56486,201.170.181.247,443,alert,3,ET JA3 Hash - [Abuse.ch] Possible Dridex
35,2022-03-14 17:56:14,10.3.14.103,56487,201.170.181.247,443,alert,3,ET JA3 Hash - [Abuse.ch] Possible Dridex
36,2022-03-14 17:57:11,10.3.14.103,56488,201.170.181.247,443,alert,3,ET JA3 Hash - [Abuse.ch] Possible Dridex
37,2022-03-14 17:57:11,10.3.14.103,56489,201.170.181.247,443,alert,3,ET JA3 Hash - [Abuse.ch] Possible Dridex
38,2022-03-14 17:58:15,10.3.14.103,56491,201.170.181.247,443,alert,3,ET JA3 Hash - [Abuse.ch] Possible Dridex
39,2022-03-14 17:58:18,10.3.14.103,56492,201.170.181.247,443,alert,3,ET JA3 Hash - [Abuse.ch] Possible Dridex
40,2022-03-14 17:59:19,10.3.14.103,56495,201.170.181.247,443,alert,3,ET JA3 Hash - [Abuse.ch] Possible Dridex
41,2022-03-14 17:59:21,10.3.14.103,56496,201.170.181.247,443,alert,3,ET JA3 Hash - [Abuse.ch] Possible Dridex
42,2022-03-14 18:00:23,10.3.14.103,56497,201.170.181.247,443,alert,3,ET JA3 Hash - [Abuse.ch] Possible Dridex
43,2022-03-14 18:00:25,10.3.14.103,56498,201.170.181.247,443,alert,3,ET JA3 Hash - [Abuse.ch] Possible Dridex
44,2022-03-14 18:01:30,10.3.14.103,56499,201.170.181.247,443,alert,3,ET JA3 Hash - [Abuse.ch] Possible Dridex
45,2022-03-14 18:01:41,10.3.14.103,56501,201.170.181.247,443,alert,3,ET JA3 Hash - [Abuse.ch] Possible Dridex
46,2022-03-14 18:02:32,10.3.14.103,56502,201.170.181.247,443,alert,3,ET JA3 Hash - [Abuse.ch] Possible Dridex
47,2022-03-14 18:02:35,10.3.14.103,56503,201.170.181.247,443,alert,3,ET JA3 Hash - [Abuse.ch] Possible Dridex
48,2022-03-14 18:03:35,10.3.14.103,56509,201.170.181.247,443,alert,3,ET JA3 Hash - [Abuse.ch] Possible Dridex
49,2022-03-14 18:03:39,10.3.14.103,56509,201.170.181.247,443,alert,3,SURICATA STREAM excessive retransmissions
50,2022-03-14 18:03:46,10.3.14.103,56510,201.170.181.247,443,alert,3,ET JA3 Hash - [Abuse.ch] Possible Dridex
51,2022-03-14 18:04:39,10.3.14.103,56511,201.170.181.247,443,alert,3,ET JA3 Hash - [Abuse.ch] Possible Dridex
52,2022-03-14 18:09:56,10.3.14.103,56517,201.170.181.247,443,alert,3,ET JA3 Hash - [Abuse.ch] Possible Dridex
53,2022-03-14 18:15:13,10.3.14.103,56518,201.170.181.247,443,alert,3,ET JA3 Hash - [Abuse.ch] Possible Dridex
54,2022-03-14 18:20:33,10.3.14.103,56521,201.170.181.247,443,alert,3,ET JA3 Hash - [Abuse.ch] Possible Dridex
55,2022-03-14 18:25:50,10.3.14.103,56522,201.170.181.247,443,alert,3,ET JA3 Hash - [Abuse.ch] Possible Dridex
56,2022-03-14 18:31:10,10.3.14.103,56528,201.170.181.247,443,alert,3,ET JA3 Hash - [Abuse.ch] Possible Dridex
57,2022-03-14 18:36:27,10.3.14.103,56531,201.170.181.247,443,alert,3,ET JA3 Hash - [Abuse.ch] Possible Dridex
58,2022-03-14 18:41:44,10.3.14.103,56532,201.170.181.247,443,alert,3,ET JA3 Hash - [Abuse.ch] Possible Dridex
59,2022-03-14 18:47:04,10.3.14.103,56534,201.170.181.247,443,alert,3,ET JA3 Hash - [Abuse.ch] Possible Dridex
60,2022-03-14 18:52:25,10.3.14.103,56536,201.170.181.247,443,alert,3,ET JA3 Hash - [Abuse.ch] Possible Dridex
61,2022-03-14 18:57:45,10.3.14.103,56538,201.170.181.247,443,alert,3,ET JA3 Hash - [Abuse.ch] Possible Dridex
62,2022-03-14 19:03:02,10.3.14.103,56541,201.170.181.247,443,alert,3,ET JA3 Hash - [Abuse.ch] Possible Dridex
63,2022-03-14 19:08:25,10.3.14.103,56542,201.170.181.247,443,alert,3,ET JA3 Hash - [Abuse.ch] Possible Dridex
64,2022-03-14 19:13:39,10.3.14.103,56543,201.170.181.247,443,alert,3,ET JA3 Hash - [Abuse.ch] Possible Dridex
65,2022-03-14 19:18:55,10.3.14.103,56545,201.170.181.247,443,alert,3,ET JA3 Hash - [Abuse.ch] Possible Dridex
66,2022-03-14 19:24:19,10.3.14.103,56546,201.170.181.247,443,alert,3,ET JA3 Hash - [Abuse.ch] Possible Dridex
67,2022-03-14 19:29:33,10.3.14.103,56554,201.170.181.247,443,alert,3,ET JA3 Hash - [Abuse.ch] Possible Dridex
68,2022-03-14 19:34:54,10.3.14.103,56561,201.170.181.247,443,alert,3,ET JA3 Hash - [Abuse.ch] Possible Dridex
69,2022-03-14 19:40:10,10.3.14.103,56564,201.170.181.247,443,alert,3,ET JA3 Hash - [Abuse.ch] Possible Dridex
70,2022-03-14 19:45:30,10.3.14.103,56565,201.170.181.247,443,alert,3,ET JA3 Hash - [Abuse.ch] Possible Dridex
71,2022-03-14 19:50:47,10.3.14.103,56568,201.170.181.247,443,alert,3,ET JA3 Hash - [Abuse.ch] Possible Dridex
72,2022-03-14 19:56:08,10.3.14.103,56569,201.170.181.247,443,alert,3,ET JA3 Hash - [Abuse.ch] Possible Dridex
73,2022-03-14 20:01:28,10.3.14.103,56571,201.170.181.247,443,alert,3,ET JA3 Hash - [Abuse.ch] Possible Dridex
74,2022-03-14 20:06:44,10.3.14.103,56579,201.170.181.247,443,alert,3,ET JA3 Hash - [Abuse.ch] Possible Dridex
75,2022-03-14 20:12:05,10.3.14.103,56580,201.170.181.247,443,alert,3,ET JA3 Hash - [Abuse.ch] Possible Dridex
76,2022-03-14 20:17:22,10.3.14.103,56582,201.170.181.247,443,alert,3,ET JA3 Hash - [Abuse.ch] Possible Dridex
77,2022-03-14 20:22:42,10.3.14.103,56588,201.170.181.247,443,alert,3,ET JA3 Hash - [Abuse.ch] Possible Dridex
78,2022-03-14 20:28:03,10.3.14.103,56594,201.170.181.247,443,alert,3,ET JA3 Hash - [Abuse.ch] Possible Dridex
79,2022-03-14 20:34:15,10.3.14.103,56600,76.169.147.192,32103,alert,3,ET JA3 Hash - [Abuse.ch] Possible Dridex
80,2022-03-14 20:34:15,76.169.147.192,32103,10.3.14.103,56600,alert,1,ET MALWARE Observed Qbot Style SSL Certificate
81,2022-03-14 20:38:40,10.3.14.103,56609,76.169.147.192,32103,alert,3,ET JA3 Hash - [Abuse.ch] Possible Dridex
82,2022-03-14 20:38:40,76.169.147.192,32103,10.3.14.103,56609,alert,1,ET MALWARE Observed Qbot Style SSL Certificate
83,2022-03-14 20:44:00,10.3.14.103,56610,76.169.147.192,32103,alert,3,ET JA3 Hash - [Abuse.ch] Possible Dridex
84,2022-03-14 20:44:01,76.169.147.192,32103,10.3.14.103,56610,alert,1,ET MALWARE Observed Qbot Style SSL Certificate
85,2022-03-14 20:49:17,10.3.14.103,56613,76.169.147.192,32103,alert,3,ET JA3 Hash - [Abuse.ch] Possible Dridex
86,2022-03-14 20:49:17,76.169.147.192,32103,10.3.14.103,56613,alert,1,ET MALWARE Observed Qbot Style SSL Certificate
87,2022-03-14 20:54:33,10.3.14.103,56616,76.169.147.192,32103,alert,3,ET JA3 Hash - [Abuse.ch] Possible Dridex
88,2022-03-14 20:54:34,76.169.147.192,32103,10.3.14.103,56616,alert,1,ET MALWARE Observed Qbot Style SSL Certificate
89,2022-03-14 20:59:54,10.3.14.103,56618,76.169.147.192,32103,alert,3,ET JA3 Hash - [Abuse.ch] Possible Dridex
90,2022-03-14 20:59:54,76.169.147.192,32103,10.3.14.103,56618,alert,1,ET MALWARE Observed Qbot Style SSL Certificate
91,2022-03-14 21:05:11,10.3.14.103,56625,76.169.147.192,32103,alert,3,ET JA3 Hash - [Abuse.ch] Possible Dridex
92,2022-03-14 21:05:11,76.169.147.192,32103,10.3.14.103,56625,alert,1,ET MALWARE Observed Qbot Style SSL Certificate
93,2022-03-14 21:10:31,10.3.14.103,56626,76.169.147.192,32103,alert,3,ET JA3 Hash - [Abuse.ch] Possible Dridex
94,2022-03-14 21:10:31,76.169.147.192,32103,10.3.14.103,56626,alert,1,ET MALWARE Observed Qbot Style SSL Certificate
95,2022-03-14 21:15:48,10.3.14.103,56627,76.169.147.192,32103,alert,3,ET JA3 Hash - [Abuse.ch] Possible Dridex
96,2022-03-14 21:15:48,76.169.147.192,32103,10.3.14.103,56627,alert,1,ET MALWARE Observed Qbot Style SSL Certificate
97,2022-03-14 21:21:04,10.3.14.103,56629,76.169.147.192,32103,alert,3,ET JA3 Hash - [Abuse.ch] Possible Dridex
98,2022-03-14 21:21:05,76.169.147.192,32103,10.3.14.103,56629,alert,1,ET MALWARE Observed Qbot Style SSL Certificate
99,2022-03-14 21:26:25,10.3.14.103,56630,76.169.147.192,32103,alert,3,ET JA3 Hash - [Abuse.ch] Possible Dridex
100,2022-03-14 21:26:25,76.169.147.192,32103,10.3.14.103,56630,alert,1,ET MALWARE Observed Qbot Style SSL Certificate
101,2022-03-14 21:31:42,10.3.14.103,56637,76.169.147.192,32103,alert,3,ET JA3 Hash - [Abuse.ch] Possible Dridex
102,2022-03-14 21:31:42,76.169.147.192,32103,10.3.14.103,56637,alert,1,ET MALWARE Observed Qbot Style SSL Certificate
103,2022-03-14 21:37:02,10.3.14.103,56639,76.169.147.192,32103,alert,3,ET JA3 Hash - [Abuse.ch] Possible Dridex
104,2022-03-14 21:37:02,76.169.147.192,32103,10.3.14.103,56639,alert,1,ET MALWARE Observed Qbot Style SSL Certificate
105,2022-03-14 21:42:19,10.3.14.103,56640,76.169.147.192,32103,alert,3,ET JA3 Hash - [Abuse.ch] Possible Dridex
106,2022-03-14 21:42:19,76.169.147.192,32103,10.3.14.103,56640,alert,1,ET MALWARE Observed Qbot Style SSL Certificate
107,2022-03-14 21:47:36,10.3.14.103,56642,76.169.147.192,32103,alert,3,ET JA3 Hash - [Abuse.ch] Possible Dridex
108,2022-03-14 21:47:36,76.169.147.192,32103,10.3.14.103,56642,alert,1,ET MALWARE Observed Qbot Style SSL Certificate
109,2022-03-14 21:52:56,10.3.14.103,56644,76.169.147.192,32103,alert,3,ET JA3 Hash - [Abuse.ch] Possible Dridex
110,2022-03-14 21:52:56,76.169.147.192,32103,10.3.14.103,56644,alert,1,ET MALWARE Observed Qbot Style SSL Certificate
111,2022-03-14 21:58:13,10.3.14.103,56651,76.169.147.192,32103,alert,3,ET JA3 Hash - [Abuse.ch] Possible Dridex
112,2022-03-14 21:58:13,76.169.147.192,32103,10.3.14.103,56651,alert,1,ET MALWARE Observed Qbot Style SSL Certificate
113,2022-03-14 22:03:29,10.3.14.103,56653,76.169.147.192,32103,alert,3,ET JA3 Hash - [Abuse.ch] Possible Dridex
114,2022-03-14 22:03:29,76.169.147.192,32103,10.3.14.103,56653,alert,1,ET MALWARE Observed Qbot Style SSL Certificate
115,2022-03-14 22:08:53,10.3.14.103,56654,76.169.147.192,32103,alert,3,ET JA3 Hash - [Abuse.ch] Possible Dridex
116,2022-03-14 22:08:53,76.169.147.192,32103,10.3.14.103,56654,alert,1,ET MALWARE Observed Qbot Style SSL Certificate
117,2022-03-14 22:14:06,10.3.14.103,56655,76.169.147.192,32103,alert,3,ET JA3 Hash - [Abuse.ch] Possible Dridex
118,2022-03-14 22:14:07,76.169.147.192,32103,10.3.14.103,56655,alert,1,ET MALWARE Observed Qbot Style SSL Certificate
119,2022-03-14 22:19:27,10.3.14.103,56662,76.169.147.192,32103,alert,3,ET JA3 Hash - [Abuse.ch] Possible Dridex
120,2022-03-14 22:19:27,76.169.147.192,32103,10.3.14.103,56662,alert,1,ET MALWARE Observed Qbot Style SSL Certificate
121,2022-03-14 22:24:44,10.3.14.103,56663,76.169.147.192,32103,alert,3,ET JA3 Hash - [Abuse.ch] Possible Dridex
122,2022-03-14 22:24:44,76.169.147.192,32103,10.3.14.103,56663,alert,1,ET MALWARE Observed Qbot Style SSL Certificate
123,2022-03-14 22:30:04,10.3.14.103,56669,76.169.147.192,32103,alert,3,ET JA3 Hash - [Abuse.ch] Possible Dridex
124,2022-03-14 22:30:04,76.169.147.192,32103,10.3.14.103,56669,alert,1,ET MALWARE Observed Qbot Style SSL Certificate
125,2022-03-14 22:41:05,10.3.14.103,56696,78.100.194.196,6883,alert,3,ET JA3 Hash - [Abuse.ch] Possible Dridex
126,2022-03-14 22:41:05,78.100.194.196,6883,10.3.14.103,56696,alert,1,ET MALWARE Observed Qbot Style SSL Certificate
127,2022-03-14 22:45:58,10.3.14.103,56699,78.100.194.196,6883,alert,3,ET JA3 Hash - [Abuse.ch] Possible Dridex
128,2022-03-14 22:45:58,78.100.194.196,6883,10.3.14.103,56699,alert,1,ET MALWARE Observed Qbot Style SSL Certificate
129,2022-03-14 22:51:19,10.3.14.103,56704,78.100.194.196,6883,alert,3,ET JA3 Hash - [Abuse.ch] Possible Dridex
130,2022-03-14 22:51:19,78.100.194.196,6883,10.3.14.103,56704,alert,1,ET MALWARE Observed Qbot Style SSL Certificate
131,2022-03-14 22:56:35,10.3.14.103,56705,78.100.194.196,6883,alert,3,ET JA3 Hash - [Abuse.ch] Possible Dridex
132,2022-03-14 22:56:36,78.100.194.196,6883,10.3.14.103,56705,alert,1,ET MALWARE Observed Qbot Style SSL Certificate
133,2022-03-14 23:01:56,10.3.14.103,56709,78.100.194.196,6883,alert,3,ET JA3 Hash - [Abuse.ch] Possible Dridex
134,2022-03-14 23:01:56,78.100.194.196,6883,10.3.14.103,56709,alert,1,ET MALWARE Observed Qbot Style SSL Certificate
135,2022-03-14 23:07:12,10.3.14.103,56711,78.100.194.196,6883,alert,3,ET JA3 Hash - [Abuse.ch] Possible Dridex
136,2022-03-14 23:07:12,78.100.194.196,6883,10.3.14.103,56711,alert,1,ET MALWARE Observed Qbot Style SSL Certificate
137,2022-03-14 23:12:29,10.3.14.103,56712,78.100.194.196,6883,alert,3,ET JA3 Hash - [Abuse.ch] Possible Dridex
138,2022-03-14 23:12:29,78.100.194.196,6883,10.3.14.103,56712,alert,1,ET MALWARE Observed Qbot Style SSL Certificate
139,2022-03-14 23:17:49,10.3.14.103,56714,78.100.194.196,6883,alert,3,ET JA3 Hash - [Abuse.ch] Possible Dridex
140,2022-03-14 23:17:49,78.100.194.196,6883,10.3.14.103,56714,alert,1,ET MALWARE Observed Qbot Style SSL Certificate
141,2022-03-14 23:23:40,10.3.14.103,56717,78.100.194.196,6883,alert,3,ET JA3 Hash - [Abuse.ch] Possible Dridex
142,2022-03-14 23:23:40,78.100.194.196,6883,10.3.14.103,56717,alert,1,ET MALWARE Observed Qbot Style SSL Certificate
143,2022-03-14 23:28:26,10.3.14.103,56723,78.100.194.196,6883,alert,3,ET JA3 Hash - [Abuse.ch] Possible Dridex
144,2022-03-14 23:28:27,78.100.194.196,6883,10.3.14.103,56723,alert,1,ET MALWARE Observed Qbot Style SSL Certificate
145,2022-03-14 23:33:43,10.3.14.103,56725,78.100.194.196,6883,alert,3,ET JA3 Hash - [Abuse.ch] Possible Dridex
146,2022-03-14 23:33:43,78.100.194.196,6883,10.3.14.103,56725,alert,1,ET MALWARE Observed Qbot Style SSL Certificate
147,2022-03-14 23:39:04,10.3.14.103,56726,78.100.194.196,6883,alert,3,ET JA3 Hash - [Abuse.ch] Possible Dridex
148,2022-03-14 23:39:05,78.100.194.196,6883,10.3.14.103,56726,alert,1,ET MALWARE Observed Qbot Style SSL Certificate
149,2022-03-14 23:44:23,10.3.14.103,56727,78.100.194.196,6883,alert,3,ET JA3 Hash - [Abuse.ch] Possible Dridex
150,2022-03-14 23:44:24,78.100.194.196,6883,10.3.14.103,56727,alert,1,ET MALWARE Observed Qbot Style SSL Certificate
151,2022-03-14 23:49:57,10.3.14.103,56733,78.100.194.196,6883,alert,3,ET JA3 Hash - [Abuse.ch] Possible Dridex
152,2022-03-14 23:49:57,78.100.194.196,6883,10.3.14.103,56733,alert,1,ET MALWARE Observed Qbot Style SSL Certificate
153,2022-03-14 23:55:13,10.3.14.103,56743,78.100.194.196,6883,alert,3,ET JA3 Hash - [Abuse.ch] Possible Dridex
154,2022-03-14 23:55:14,78.100.194.196,6883,10.3.14.103,56743,alert,1,ET MALWARE Observed Qbot Style SSL Certificate
155,2022-03-15 00:00:14,10.3.14.103,56745,78.100.194.196,6883,alert,3,ET JA3 Hash - [Abuse.ch] Possible Dridex
156,2022-03-15 00:00:14,78.100.194.196,6883,10.3.14.103,56745,alert,1,ET MALWARE Observed Qbot Style SSL Certificate
157,2022-03-15 00:05:50,10.3.14.103,56755,78.100.194.196,6883,alert,3,ET JA3 Hash - [Abuse.ch] Possible Dridex
158,2022-03-15 00:05:51,78.100.194.196,6883,10.3.14.103,56755,alert,1,ET MALWARE Observed Qbot Style SSL Certificate
159,2022-03-15 00:11:07,10.3.14.103,56758,78.100.194.196,6883,alert,3,ET JA3 Hash - [Abuse.ch] Possible Dridex
160,2022-03-15 00:11:07,78.100.194.196,6883,10.3.14.103,56758,alert,1,ET MALWARE Observed Qbot Style SSL Certificate
161,2022-03-15 00:16:12,10.3.14.103,56763,78.100.194.196,6883,alert,3,ET JA3 Hash - [Abuse.ch] Possible Dridex
162,2022-03-15 00:16:12,78.100.194.196,6883,10.3.14.103,56763,alert,1,ET MALWARE Observed Qbot Style SSL Certificate
163,2022-03-15 00:22:05,10.3.14.103,56771,78.100.194.196,6883,alert,3,ET JA3 Hash - [Abuse.ch] Possible Dridex
164,2022-03-15 00:22:05,78.100.194.196,6883,10.3.14.103,56771,alert,1,ET MALWARE Observed Qbot Style SSL Certificate
165,2022-03-15 00:26:45,10.3.14.103,56776,78.100.194.196,6883,alert,3,ET JA3 Hash - [Abuse.ch] Possible Dridex
166,2022-03-15 00:26:45,78.100.194.196,6883,10.3.14.103,56776,alert,1,ET MALWARE Observed Qbot Style SSL Certificate
167,2022-03-15 00:32:05,10.3.14.103,56779,78.100.194.196,6883,alert,3,ET JA3 Hash - [Abuse.ch] Possible Dridex
168,2022-03-15 00:32:05,78.100.194.196,6883,10.3.14.103,56779,alert,1,ET MALWARE Observed Qbot Style SSL Certificate
169,2022-03-15 00:37:38,10.3.14.103,56790,78.100.194.196,6883,alert,3,ET JA3 Hash - [Abuse.ch] Possible Dridex
170,2022-03-15 00:37:38,78.100.194.196,6883,10.3.14.103,56790,alert,1,ET MALWARE Observed Qbot Style SSL Certificate
171,2022-03-15 00:48:33,10.3.14.103,56812,103.87.95.131,2222,alert,3,ET JA3 Hash - [Abuse.ch] Possible Dridex
172,2022-03-15 00:48:33,103.87.95.131,2222,10.3.14.103,56812,alert,1,ET MALWARE Observed Qbot Style SSL Certificate
173,2022-03-15 00:53:20,10.3.14.103,56815,103.87.95.131,2222,alert,3,ET JA3 Hash - [Abuse.ch] Possible Dridex
174,2022-03-15 00:53:20,103.87.95.131,2222,10.3.14.103,56815,alert,1,ET MALWARE Observed Qbot Style SSL Certificate
175,2022-03-15 00:58:36,10.3.14.103,56817,103.87.95.131,2222,alert,3,ET JA3 Hash - [Abuse.ch] Possible Dridex
176,2022-03-15 00:58:36,103.87.95.131,2222,10.3.14.103,56817,alert,1,ET MALWARE Observed Qbot Style SSL Certificate
177,2022-03-15 01:03:52,10.3.14.103,56819,103.87.95.131,2222,alert,3,ET JA3 Hash - [Abuse.ch] Possible Dridex
178,2022-03-15 01:03:53,103.87.95.131,2222,10.3.14.103,56819,alert,1,ET MALWARE Observed Qbot Style SSL Certificate
179,2022-03-15 01:09:13,10.3.14.103,56820,103.87.95.131,2222,alert,3,ET JA3 Hash - [Abuse.ch] Possible Dridex
180,2022-03-15 01:09:13,103.87.95.131,2222,10.3.14.103,56820,alert,1,ET MALWARE Observed Qbot Style SSL Certificate
181,2022-03-15 01:14:30,10.3.14.103,56821,103.87.95.131,2222,alert,3,ET JA3 Hash - [Abuse.ch] Possible Dridex
182,2022-03-15 01:14:30,103.87.95.131,2222,10.3.14.103,56821,alert,1,ET MALWARE Observed Qbot Style SSL Certificate
183,2022-03-15 01:19:50,10.3.14.103,56823,103.87.95.131,2222,alert,3,ET JA3 Hash - [Abuse.ch] Possible Dridex
184,2022-03-15 01:19:51,103.87.95.131,2222,10.3.14.103,56823,alert,1,ET MALWARE Observed Qbot Style SSL Certificate
185,2022-03-15 01:25:07,10.3.14.103,56824,103.87.95.131,2222,alert,3,ET JA3 Hash - [Abuse.ch] Possible Dridex
186,2022-03-15 01:25:07,103.87.95.131,2222,10.3.14.103,56824,alert,1,ET MALWARE Observed Qbot Style SSL Certificate
187,2022-03-15 01:30:27,10.3.14.103,56830,103.87.95.131,2222,alert,3,ET JA3 Hash - [Abuse.ch] Possible Dridex
188,2022-03-15 01:30:28,103.87.95.131,2222,10.3.14.103,56830,alert,1,ET MALWARE Observed Qbot Style SSL Certificate
189,2022-03-15 01:35:44,10.3.14.103,56837,103.87.95.131,2222,alert,3,ET JA3 Hash - [Abuse.ch] Possible Dridex
190,2022-03-15 01:35:44,103.87.95.131,2222,10.3.14.103,56837,alert,1,ET MALWARE Observed Qbot Style SSL Certificate
191,2022-03-15 01:41:00,10.3.14.103,56838,103.87.95.131,2222,alert,3,ET JA3 Hash - [Abuse.ch] Possible Dridex
192,2022-03-15 01:41:01,103.87.95.131,2222,10.3.14.103,56838,alert,1,ET MALWARE Observed Qbot Style SSL Certificate
193,2022-03-15 01:46:21,10.3.14.103,56839,103.87.95.131,2222,alert,3,ET JA3 Hash - [Abuse.ch] Possible Dridex
194,2022-03-15 01:46:21,103.87.95.131,2222,10.3.14.103,56839,alert,1,ET MALWARE Observed Qbot Style SSL Certificate
195,2022-03-15 01:51:38,10.3.14.103,56849,103.87.95.131,2222,alert,3,ET JA3 Hash - [Abuse.ch] Possible Dridex
196,2022-03-15 01:51:38,103.87.95.131,2222,10.3.14.103,56849,alert,1,ET MALWARE Observed Qbot Style SSL Certificate
197,2022-03-15 01:56:58,10.3.14.103,56851,103.87.95.131,2222,alert,3,ET JA3 Hash - [Abuse.ch] Possible Dridex
198,2022-03-15 01:56:59,103.87.95.131,2222,10.3.14.103,56851,alert,1,ET MALWARE Observed Qbot Style SSL Certificate
199,2022-03-15 02:02:15,10.3.14.103,56854,103.87.95.131,2222,alert,3,ET JA3 Hash - [Abuse.ch] Possible Dridex
200,2022-03-15 02:02:15,103.87.95.131,2222,10.3.14.103,56854,alert,1,ET MALWARE Observed Qbot Style SSL Certificate
201,2022-03-15 02:07:35,10.3.14.103,56856,103.87.95.131,2222,alert,3,ET JA3 Hash - [Abuse.ch] Possible Dridex
202,2022-03-15 02:07:36,103.87.95.131,2222,10.3.14.103,56856,alert,1,ET MALWARE Observed Qbot Style SSL Certificate
203,2022-03-15 02:12:52,10.3.14.103,56857,103.87.95.131,2222,alert,3,ET JA3 Hash - [Abuse.ch] Possible Dridex
204,2022-03-15 02:12:52,103.87.95.131,2222,10.3.14.103,56857,alert,1,ET MALWARE Observed Qbot Style SSL Certificate
205,2022-03-15 02:18:12,10.3.14.103,56859,103.87.95.131,2222,alert,3,ET JA3 Hash - [Abuse.ch] Possible Dridex
206,2022-03-15 02:18:13,103.87.95.131,2222,10.3.14.103,56859,alert,1,ET MALWARE Observed Qbot Style SSL Certificate
207,2022-03-15 02:23:29,10.3.14.103,56860,103.87.95.131,2222,alert,3,ET JA3 Hash - [Abuse.ch] Possible Dridex
208,2022-03-15 02:23:29,103.87.95.131,2222,10.3.14.103,56860,alert,1,ET MALWARE Observed Qbot Style SSL Certificate
209,2022-03-15 02:28:46,10.3.14.103,56866,103.87.95.131,2222,alert,3,ET JA3 Hash - [Abuse.ch] Possible Dridex
210,2022-03-15 02:28:46,103.87.95.131,2222,10.3.14.103,56866,alert,1,ET MALWARE Observed Qbot Style SSL Certificate
211,2022-03-15 02:34:06,10.3.14.103,56875,103.87.95.131,2222,alert,3,ET JA3 Hash - [Abuse.ch] Possible Dridex
212,2022-03-15 02:34:06,103.87.95.131,2222,10.3.14.103,56875,alert,1,ET MALWARE Observed Qbot Style SSL Certificate
213,2022-03-15 02:39:27,10.3.14.103,56876,103.87.95.131,2222,alert,3,ET JA3 Hash - [Abuse.ch] Possible Dridex
214,2022-03-15 02:39:27,103.87.95.131,2222,10.3.14.103,56876,alert,1,ET MALWARE Observed Qbot Style SSL Certificate
215,2022-03-15 02:44:47,10.3.14.103,56877,103.87.95.131,2222,alert,3,ET JA3 Hash - [Abuse.ch] Possible Dridex
216,2022-03-15 02:44:48,103.87.95.131,2222,10.3.14.103,56877,alert,1,ET MALWARE Observed Qbot Style SSL Certificate
217,2022-03-15 02:50:04,10.3.14.103,56880,103.87.95.131,2222,alert,3,ET JA3 Hash - [Abuse.ch] Possible Dridex
218,2022-03-15 02:50:04,103.87.95.131,2222,10.3.14.103,56880,alert,1,ET MALWARE Observed Qbot Style SSL Certificate
219,2022-03-15 02:55:20,10.3.14.103,56882,103.87.95.131,2222,alert,3,ET JA3 Hash - [Abuse.ch] Possible Dridex
220,2022-03-15 02:55:21,103.87.95.131,2222,10.3.14.103,56882,alert,1,ET MALWARE Observed Qbot Style SSL Certificate
221,2022-03-15 03:00:41,10.3.14.103,56884,103.87.95.131,2222,alert,3,ET JA3 Hash - [Abuse.ch] Possible Dridex
222,2022-03-15 03:00:41,103.87.95.131,2222,10.3.14.103,56884,alert,1,ET MALWARE Observed Qbot Style SSL Certificate
223,2022-03-15 03:05:57,10.3.14.103,56892,103.87.95.131,2222,alert,3,ET JA3 Hash - [Abuse.ch] Possible Dridex
224,2022-03-15 03:05:58,103.87.95.131,2222,10.3.14.103,56892,alert,1,ET MALWARE Observed Qbot Style SSL Certificate
225,2022-03-15 03:11:18,10.3.14.103,56893,103.87.95.131,2222,alert,3,ET JA3 Hash - [Abuse.ch] Possible Dridex
226,2022-03-15 03:11:18,103.87.95.131,2222,10.3.14.103,56893,alert,1,ET MALWARE Observed Qbot Style SSL Certificate
227,2022-03-15 03:16:35,10.3.14.103,56895,103.87.95.131,2222,alert,3,ET JA3 Hash - [Abuse.ch] Possible Dridex
228,2022-03-15 03:16:35,103.87.95.131,2222,10.3.14.103,56895,alert,1,ET MALWARE Observed Qbot Style SSL Certificate
229,2022-03-15 03:21:55,10.3.14.103,56896,103.87.95.131,2222,alert,3,ET JA3 Hash - [Abuse.ch] Possible Dridex
230,2022-03-15 03:21:55,103.87.95.131,2222,10.3.14.103,56896,alert,1,ET MALWARE Observed Qbot Style SSL Certificate
231,2022-03-15 03:27:12,10.3.14.103,56901,103.87.95.131,2222,alert,3,ET JA3 Hash - [Abuse.ch] Possible Dridex
232,2022-03-15 03:27:12,103.87.95.131,2222,10.3.14.103,56901,alert,1,ET MALWARE Observed Qbot Style SSL Certificate
233,2022-03-15 03:32:32,10.3.14.103,56905,103.87.95.131,2222,alert,3,ET JA3 Hash - [Abuse.ch] Possible Dridex
234,2022-03-15 03:32:33,103.87.95.131,2222,10.3.14.103,56905,alert,1,ET MALWARE Observed Qbot Style SSL Certificate
235,2022-03-15 03:37:49,10.3.14.103,56907,103.87.95.131,2222,alert,3,ET JA3 Hash - [Abuse.ch] Possible Dridex
236,2022-03-15 03:37:49,103.87.95.131,2222,10.3.14.103,56907,alert,1,ET MALWARE Observed Qbot Style SSL Certificate
237,2022-03-15 03:43:05,10.3.14.103,56913,103.87.95.131,2222,alert,3,ET JA3 Hash - [Abuse.ch] Possible Dridex
238,2022-03-15 03:43:06,103.87.95.131,2222,10.3.14.103,56913,alert,1,ET MALWARE Observed Qbot Style SSL Certificate
239,2022-03-15 03:48:26,10.3.14.103,56915,103.87.95.131,2222,alert,3,ET JA3 Hash - [Abuse.ch] Possible Dridex
240,2022-03-15 03:48:26,103.87.95.131,2222,10.3.14.103,56915,alert,1,ET MALWARE Observed Qbot Style SSL Certificate
241,2022-03-15 03:53:43,10.3.14.103,56917,103.87.95.131,2222,alert,3,ET JA3 Hash - [Abuse.ch] Possible Dridex
242,2022-03-15 03:53:43,103.87.95.131,2222,10.3.14.103,56917,alert,1,ET MALWARE Observed Qbot Style SSL Certificate
243,2022-03-15 03:59:03,10.3.14.103,56919,103.87.95.131,2222,alert,3,ET JA3 Hash - [Abuse.ch] Possible Dridex
244,2022-03-15 03:59:04,103.87.95.131,2222,10.3.14.103,56919,alert,1,ET MALWARE Observed Qbot Style SSL Certificate
245,2022-03-15 04:04:20,10.3.14.103,56921,103.87.95.131,2222,alert,3,ET JA3 Hash - [Abuse.ch] Possible Dridex
246,2022-03-15 04:04:20,103.87.95.131,2222,10.3.14.103,56921,alert,1,ET MALWARE Observed Qbot Style SSL Certificate
247,2022-03-15 04:09:36,10.3.14.103,56922,103.87.95.131,2222,alert,3,ET JA3 Hash - [Abuse.ch] Possible Dridex
248,2022-03-15 04:09:37,103.87.95.131,2222,10.3.14.103,56922,alert,1,ET MALWARE Observed Qbot Style SSL Certificate
249,2022-03-15 04:14:57,10.3.14.103,56923,103.87.95.131,2222,alert,3,ET JA3 Hash - [Abuse.ch] Possible Dridex
250,2022-03-15 04:14:57,103.87.95.131,2222,10.3.14.103,56923,alert,1,ET MALWARE Observed Qbot Style SSL Certificate
251,2022-03-15 04:20:13,10.3.14.103,56925,103.87.95.131,2222,alert,3,ET JA3 Hash - [Abuse.ch] Possible Dridex
252,2022-03-15 04:20:14,103.87.95.131,2222,10.3.14.103,56925,alert,1,ET MALWARE Observed Qbot Style SSL Certificate
253,2022-03-15 04:25:34,10.3.14.103,56926,103.87.95.131,2222,alert,3,ET JA3 Hash - [Abuse.ch] Possible Dridex
254,2022-03-15 04:25:34,103.87.95.131,2222,10.3.14.103,56926,alert,1,ET MALWARE Observed Qbot Style SSL Certificate
255,2022-03-15 04:30:51,10.3.14.103,56932,103.87.95.131,2222,alert,3,ET JA3 Hash - [Abuse.ch] Possible Dridex
256,2022-03-15 04:30:51,103.87.95.131,2222,10.3.14.103,56932,alert,1,ET MALWARE Observed Qbot Style SSL Certificate
257,2022-03-15 04:36:07,10.3.14.103,56947,103.87.95.131,2222,alert,3,ET JA3 Hash - [Abuse.ch] Possible Dridex
258,2022-03-15 04:36:07,103.87.95.131,2222,10.3.14.103,56947,alert,1,ET MALWARE Observed Qbot Style SSL Certificate
259,2022-03-15 04:41:28,10.3.14.103,56948,103.87.95.131,2222,alert,3,ET JA3 Hash - [Abuse.ch] Possible Dridex
260,2022-03-15 04:41:28,103.87.95.131,2222,10.3.14.103,56948,alert,1,ET MALWARE Observed Qbot Style SSL Certificate
261,2022-03-15 04:46:44,10.3.14.103,56950,103.87.95.131,2222,alert,3,ET JA3 Hash - [Abuse.ch] Possible Dridex
262,2022-03-15 04:46:45,103.87.95.131,2222,10.3.14.103,56950,alert,1,ET MALWARE Observed Qbot Style SSL Certificate
263,2022-03-15 04:52:05,10.3.14.103,56953,103.87.95.131,2222,alert,3,ET JA3 Hash - [Abuse.ch] Possible Dridex
264,2022-03-15 04:52:05,103.87.95.131,2222,10.3.14.103,56953,alert,1,ET MALWARE Observed Qbot Style SSL Certificate
265,2022-03-15 04:57:21,10.3.14.103,56954,103.87.95.131,2222,alert,3,ET JA3 Hash - [Abuse.ch] Possible Dridex
266,2022-03-15 04:57:22,103.87.95.131,2222,10.3.14.103,56954,alert,1,ET MALWARE Observed Qbot Style SSL Certificate
267,2022-03-15 05:02:42,10.3.14.103,56960,103.87.95.131,2222,alert,3,ET JA3 Hash - [Abuse.ch] Possible Dridex
268,2022-03-15 05:02:42,103.87.95.131,2222,10.3.14.103,56960,alert,1,ET MALWARE Observed Qbot Style SSL Certificate
269,2022-03-15 05:07:58,10.3.14.103,56962,103.87.95.131,2222,alert,3,ET JA3 Hash - [Abuse.ch] Possible Dridex
270,2022-03-15 05:07:59,103.87.95.131,2222,10.3.14.103,56962,alert,1,ET MALWARE Observed Qbot Style SSL Certificate
271,2022-03-15 05:13:19,10.3.14.103,56963,103.87.95.131,2222,alert,3,ET JA3 Hash - [Abuse.ch] Possible Dridex
272,2022-03-15 05:13:19,103.87.95.131,2222,10.3.14.103,56963,alert,1,ET MALWARE Observed Qbot Style SSL Certificate
273,2022-03-15 05:18:36,10.3.14.103,56965,103.87.95.131,2222,alert,3,ET JA3 Hash - [Abuse.ch] Possible Dridex
274,2022-03-15 05:18:36,103.87.95.131,2222,10.3.14.103,56965,alert,1,ET MALWARE Observed Qbot Style SSL Certificate
275,2022-03-15 05:23:52,10.3.14.103,56966,103.87.95.131,2222,alert,3,ET JA3 Hash - [Abuse.ch] Possible Dridex
276,2022-03-15 05:23:53,103.87.95.131,2222,10.3.14.103,56966,alert,1,ET MALWARE Observed Qbot Style SSL Certificate
277,2022-03-15 05:29:13,10.3.14.103,56972,103.87.95.131,2222,alert,3,ET JA3 Hash - [Abuse.ch] Possible Dridex
278,2022-03-15 05:29:13,103.87.95.131,2222,10.3.14.103,56972,alert,1,ET MALWARE Observed Qbot Style SSL Certificate
279,2022-03-15 05:34:29,10.3.14.103,56974,103.87.95.131,2222,alert,3,ET JA3 Hash - [Abuse.ch] Possible Dridex
280,2022-03-15 05:34:30,103.87.95.131,2222,10.3.14.103,56974,alert,1,ET MALWARE Observed Qbot Style SSL Certificate
281,2022-03-15 05:39:50,10.3.14.103,56980,103.87.95.131,2222,alert,3,ET JA3 Hash - [Abuse.ch] Possible Dridex
282,2022-03-15 05:39:50,103.87.95.131,2222,10.3.14.103,56980,alert,1,ET MALWARE Observed Qbot Style SSL Certificate
283,2022-03-15 05:45:06,10.3.14.103,56981,103.87.95.131,2222,alert,3,ET JA3 Hash - [Abuse.ch] Possible Dridex
284,2022-03-15 05:45:07,103.87.95.131,2222,10.3.14.103,56981,alert,1,ET MALWARE Observed Qbot Style SSL Certificate
285,2022-03-15 05:50:27,10.3.14.103,56985,103.87.95.131,2222,alert,3,ET JA3 Hash - [Abuse.ch] Possible Dridex
286,2022-03-15 05:50:27,103.87.95.131,2222,10.3.14.103,56985,alert,1,ET MALWARE Observed Qbot Style SSL Certificate
287,2022-03-15 05:55:44,10.3.14.103,56987,103.87.95.131,2222,alert,3,ET JA3 Hash - [Abuse.ch] Possible Dridex
288,2022-03-15 05:55:44,103.87.95.131,2222,10.3.14.103,56987,alert,1,ET MALWARE Observed Qbot Style SSL Certificate
289,2022-03-15 06:01:00,10.3.14.103,57026,103.87.95.131,2222,alert,3,ET JA3 Hash - [Abuse.ch] Possible Dridex
290,2022-03-15 06:01:01,103.87.95.131,2222,10.3.14.103,57026,alert,1,ET MALWARE Observed Qbot Style SSL Certificate
291,2022-03-15 06:06:21,10.3.14.103,57033,103.87.95.131,2222,alert,3,ET JA3 Hash - [Abuse.ch] Possible Dridex
292,2022-03-15 06:06:21,103.87.95.131,2222,10.3.14.103,57033,alert,1,ET MALWARE Observed Qbot Style SSL Certificate
293,2022-03-15 06:11:37,10.3.14.103,57044,103.87.95.131,2222,alert,3,ET JA3 Hash - [Abuse.ch] Possible Dridex
294,2022-03-15 06:11:38,103.87.95.131,2222,10.3.14.103,57044,alert,1,ET MALWARE Observed Qbot Style SSL Certificate
295,2022-03-15 06:16:58,10.3.14.103,57051,103.87.95.131,2222,alert,3,ET JA3 Hash - [Abuse.ch] Possible Dridex
296,2022-03-15 06:16:58,103.87.95.131,2222,10.3.14.103,57051,alert,1,ET MALWARE Observed Qbot Style SSL Certificate
297,2022-03-15 06:22:14,10.3.14.103,57052,103.87.95.131,2222,alert,3,ET JA3 Hash - [Abuse.ch] Possible Dridex
298,2022-03-15 06:22:15,103.87.95.131,2222,10.3.14.103,57052,alert,1,ET MALWARE Observed Qbot Style SSL Certificate
299,2022-03-15 06:27:35,10.3.14.103,57057,103.87.95.131,2222,alert,3,ET JA3 Hash - [Abuse.ch] Possible Dridex
300,2022-03-15 06:27:35,103.87.95.131,2222,10.3.14.103,57057,alert,1,ET MALWARE Observed Qbot Style SSL Certificate
301,2022-03-15 06:32:51,10.3.14.103,57060,103.87.95.131,2222,alert,3,ET JA3 Hash - [Abuse.ch] Possible Dridex
302,2022-03-15 06:32:52,103.87.95.131,2222,10.3.14.103,57060,alert,1,ET MALWARE Observed Qbot Style SSL Certificate
303,2022-03-15 06:38:08,10.3.14.103,57063,103.87.95.131,2222,alert,3,ET JA3 Hash - [Abuse.ch] Possible Dridex
304,2022-03-15 06:38:08,103.87.95.131,2222,10.3.14.103,57063,alert,1,ET MALWARE Observed Qbot Style SSL Certificate
305,2022-03-15 06:43:29,10.3.14.103,57064,103.87.95.131,2222,alert,3,ET JA3 Hash - [Abuse.ch] Possible Dridex
306,2022-03-15 06:43:29,103.87.95.131,2222,10.3.14.103,57064,alert,1,ET MALWARE Observed Qbot Style SSL Certificate
307,2022-03-15 06:48:45,10.3.14.103,57066,103.87.95.131,2222,alert,3,ET JA3 Hash - [Abuse.ch] Possible Dridex
308,2022-03-15 06:48:46,103.87.95.131,2222,10.3.14.103,57066,alert,1,ET MALWARE Observed Qbot Style SSL Certificate
309,2022-03-15 06:54:06,10.3.14.103,57069,103.87.95.131,2222,alert,3,ET JA3 Hash - [Abuse.ch] Possible Dridex
310,2022-03-15 06:54:06,103.87.95.131,2222,10.3.14.103,57069,alert,1,ET MALWARE Observed Qbot Style SSL Certificate
311,2022-03-15 06:59:22,10.3.14.103,57072,103.87.95.131,2222,alert,3,ET JA3 Hash - [Abuse.ch] Possible Dridex
312,2022-03-15 06:59:23,103.87.95.131,2222,10.3.14.103,57072,alert,1,ET MALWARE Observed Qbot Style SSL Certificate
313,2022-03-15 07:04:43,10.3.14.103,57074,103.87.95.131,2222,alert,3,ET JA3 Hash - [Abuse.ch] Possible Dridex
314,2022-03-15 07:04:43,103.87.95.131,2222,10.3.14.103,57074,alert,1,ET MALWARE Observed Qbot Style SSL Certificate
315,2022-03-15 07:09:59,10.3.14.103,57075,103.87.95.131,2222,alert,3,ET JA3 Hash - [Abuse.ch] Possible Dridex
316,2022-03-15 07:10:00,103.87.95.131,2222,10.3.14.103,57075,alert,1,ET MALWARE Observed Qbot Style SSL Certificate
317,2022-03-15 07:15:20,10.3.14.103,57076,103.87.95.131,2222,alert,3,ET JA3 Hash - [Abuse.ch] Possible Dridex
318,2022-03-15 07:15:20,103.87.95.131,2222,10.3.14.103,57076,alert,1,ET MALWARE Observed Qbot Style SSL Certificate
319,2022-03-15 07:20:36,10.3.14.103,57078,103.87.95.131,2222,alert,3,ET JA3 Hash - [Abuse.ch] Possible Dridex
320,2022-03-15 07:20:37,103.87.95.131,2222,10.3.14.103,57078,alert,1,ET MALWARE Observed Qbot Style SSL Certificate
321,2022-03-15 07:25:53,10.3.14.103,57079,103.87.95.131,2222,alert,3,ET JA3 Hash - [Abuse.ch] Possible Dridex
322,2022-03-15 07:25:53,103.87.95.131,2222,10.3.14.103,57079,alert,1,ET MALWARE Observed Qbot Style SSL Certificate
323,2022-03-15 07:31:13,10.3.14.103,57085,103.87.95.131,2222,alert,3,ET JA3 Hash - [Abuse.ch] Possible Dridex
324,2022-03-15 07:31:14,103.87.95.131,2222,10.3.14.103,57085,alert,1,ET MALWARE Observed Qbot Style SSL Certificate
325,2022-03-15 07:36:30,10.3.14.103,57098,103.87.95.131,2222,alert,3,ET JA3 Hash - [Abuse.ch] Possible Dridex
326,2022-03-15 07:36:30,103.87.95.131,2222,10.3.14.103,57098,alert,1,ET MALWARE Observed Qbot Style SSL Certificate
327,2022-03-15 07:41:51,10.3.14.103,57099,103.87.95.131,2222,alert,3,ET JA3 Hash - [Abuse.ch] Possible Dridex
328,2022-03-15 07:41:51,103.87.95.131,2222,10.3.14.103,57099,alert,1,ET MALWARE Observed Qbot Style SSL Certificate
329,2022-03-15 07:47:07,10.3.14.103,57101,103.87.95.131,2222,alert,3,ET JA3 Hash - [Abuse.ch] Possible Dridex
330,2022-03-15 07:47:08,103.87.95.131,2222,10.3.14.103,57101,alert,1,ET MALWARE Observed Qbot Style SSL Certificate
331,2022-03-15 07:52:28,10.3.14.103,57104,103.87.95.131,2222,alert,3,ET JA3 Hash - [Abuse.ch] Possible Dridex
332,2022-03-15 07:52:28,103.87.95.131,2222,10.3.14.103,57104,alert,1,ET MALWARE Observed Qbot Style SSL Certificate
333,2022-03-15 07:57:44,10.3.14.103,57105,103.87.95.131,2222,alert,3,ET JA3 Hash - [Abuse.ch] Possible Dridex
334,2022-03-15 07:57:45,103.87.95.131,2222,10.3.14.103,57105,alert,1,ET MALWARE Observed Qbot Style SSL Certificate
335,2022-03-15 08:03:05,10.3.14.103,57108,103.87.95.131,2222,alert,3,ET JA3 Hash - [Abuse.ch] Possible Dridex
336,2022-03-15 08:03:05,103.87.95.131,2222,10.3.14.103,57108,alert,1,ET MALWARE Observed Qbot Style SSL Certificate
337,2022-03-15 08:08:21,10.3.14.103,57110,103.87.95.131,2222,alert,3,ET JA3 Hash - [Abuse.ch] Possible Dridex
338,2022-03-15 08:08:22,103.87.95.131,2222,10.3.14.103,57110,alert,1,ET MALWARE Observed Qbot Style SSL Certificate
339,2022-03-15 08:13:42,10.3.14.103,57111,103.87.95.131,2222,alert,3,ET JA3 Hash - [Abuse.ch] Possible Dridex
340,2022-03-15 08:13:42,103.87.95.131,2222,10.3.14.103,57111,alert,1,ET MALWARE Observed Qbot Style SSL Certificate
341,2022-03-15 08:18:58,10.3.14.103,57121,103.87.95.131,2222,alert,3,ET JA3 Hash - [Abuse.ch] Possible Dridex
342,2022-03-15 08:18:59,103.87.95.131,2222,10.3.14.103,57121,alert,1,ET MALWARE Observed Qbot Style SSL Certificate
343,2022-03-15 08:24:15,10.3.14.103,57129,103.87.95.131,2222,alert,3,ET JA3 Hash - [Abuse.ch] Possible Dridex
344,2022-03-15 08:24:15,103.87.95.131,2222,10.3.14.103,57129,alert,1,ET MALWARE Observed Qbot Style SSL Certificate
345,2022-03-15 08:29:36,10.3.14.103,57135,103.87.95.131,2222,alert,3,ET JA3 Hash - [Abuse.ch] Possible Dridex
346,2022-03-15 08:29:36,103.87.95.131,2222,10.3.14.103,57135,alert,1,ET MALWARE Observed Qbot Style SSL Certificate
347,2022-03-15 08:34:52,10.3.14.103,57145,103.87.95.131,2222,alert,3,ET JA3 Hash - [Abuse.ch] Possible Dridex
348,2022-03-15 08:34:52,103.87.95.131,2222,10.3.14.103,57145,alert,1,ET MALWARE Observed Qbot Style SSL Certificate
349,2022-03-15 08:40:13,10.3.14.103,57146,103.87.95.131,2222,alert,3,ET JA3 Hash - [Abuse.ch] Possible Dridex
350,2022-03-15 08:40:13,103.87.95.131,2222,10.3.14.103,57146,alert,1,ET MALWARE Observed Qbot Style SSL Certificate
351,2022-03-15 08:45:29,10.3.14.103,57147,103.87.95.131,2222,alert,3,ET JA3 Hash - [Abuse.ch] Possible Dridex
352,2022-03-15 08:45:30,103.87.95.131,2222,10.3.14.103,57147,alert,1,ET MALWARE Observed Qbot Style SSL Certificate
353,2022-03-15 08:50:50,10.3.14.103,57153,103.87.95.131,2222,alert,3,ET JA3 Hash - [Abuse.ch] Possible Dridex
354,2022-03-15 08:50:50,103.87.95.131,2222,10.3.14.103,57153,alert,1,ET MALWARE Observed Qbot Style SSL Certificate
355,2022-03-15 08:56:06,10.3.14.103,57155,103.87.95.131,2222,alert,3,ET JA3 Hash - [Abuse.ch] Possible Dridex
356,2022-03-15 08:56:07,103.87.95.131,2222,10.3.14.103,57155,alert,1,ET MALWARE Observed Qbot Style SSL Certificate
357,2022-03-15 09:01:27,10.3.14.103,57157,103.87.95.131,2222,alert,3,ET JA3 Hash - [Abuse.ch] Possible Dridex
358,2022-03-15 09:01:27,103.87.95.131,2222,10.3.14.103,57157,alert,1,ET MALWARE Observed Qbot Style SSL Certificate
359,2022-03-15 09:06:44,10.3.14.103,57164,103.87.95.131,2222,alert,3,ET JA3 Hash - [Abuse.ch] Possible Dridex
360,2022-03-15 09:06:45,103.87.95.131,2222,10.3.14.103,57164,alert,1,ET MALWARE Observed Qbot Style SSL Certificate
361,2022-03-15 09:12:04,10.3.14.103,57165,103.87.95.131,2222,alert,3,ET JA3 Hash - [Abuse.ch] Possible Dridex
362,2022-03-15 09:12:04,103.87.95.131,2222,10.3.14.103,57165,alert,1,ET MALWARE Observed Qbot Style SSL Certificate
363,2022-03-15 09:17:25,10.3.14.103,57169,103.87.95.131,2222,alert,3,ET JA3 Hash - [Abuse.ch] Possible Dridex
364,2022-03-15 09:17:25,103.87.95.131,2222,10.3.14.103,57169,alert,1,ET MALWARE Observed Qbot Style SSL Certificate
365,2022-03-15 09:22:41,10.3.14.103,57170,103.87.95.131,2222,alert,3,ET JA3 Hash - [Abuse.ch] Possible Dridex
366,2022-03-15 09:22:41,103.87.95.131,2222,10.3.14.103,57170,alert,1,ET MALWARE Observed Qbot Style SSL Certificate
367,2022-03-15 09:28:02,10.3.14.103,57183,103.87.95.131,2222,alert,3,ET JA3 Hash - [Abuse.ch] Possible Dridex
368,2022-03-15 09:28:02,103.87.95.131,2222,10.3.14.103,57183,alert,1,ET MALWARE Observed Qbot Style SSL Certificate
369,2022-03-15 09:37:36,10.3.14.103,57207,86.98.27.253,443,alert,3,ET JA3 Hash - [Abuse.ch] Possible Dridex
370,2022-03-15 09:38:35,10.3.14.103,57208,86.98.27.253,443,alert,3,ET JA3 Hash - [Abuse.ch] Possible Dridex
371,2022-03-15 09:43:55,10.3.14.103,57209,86.98.27.253,443,alert,3,ET JA3 Hash - [Abuse.ch] Possible Dridex
372,2022-03-15 09:44:00,10.3.14.103,57210,86.98.27.253,443,alert,3,ET JA3 Hash - [Abuse.ch] Possible Dridex
373,2022-03-15 09:44:03,10.3.14.103,57212,45.153.241.142,443,alert,1,ET MALWARE VNCStartServer BOT Variant CnC Beacon
374,2022-03-15 09:44:03,10.3.14.103,57211,45.153.241.142,443,alert,1,ET MALWARE VNCStartServer USR Variant CnC Beacon
375,2022-03-15 09:44:59,10.3.14.103,57213,86.98.27.253,443,alert,3,ET JA3 Hash - [Abuse.ch] Possible Dridex
376,2022-03-15 09:45:01,10.3.14.103,57214,86.98.27.253,443,alert,3,ET JA3 Hash - [Abuse.ch] Possible Dridex
377,2022-03-15 09:45:03,10.3.14.103,55602,10.3.14.3,53,alert,1,ET MALWARE Cobalt Strike Related Domain in DNS Lookup (runfs .icu)
378,2022-03-15 09:45:03,10.3.14.103,55602,10.3.14.3,53,alert,2,ET INFO DNS Query for Suspicious .icu Domain
379,2022-03-15 09:45:04,190.123.44.113,4444,10.3.14.103,57215,alert,2,ET HUNTING Observed Let's Encrypt Certificate for Suspicious TLD (.icu)
380,2022-03-15 09:45:05,10.3.14.103,57216,190.123.44.113,4444,alert,2,ET INFO Suspicious Domain (*.icu) in TLS SNI
381,2022-03-15 09:46:03,10.3.14.103,57219,86.98.27.253,443,alert,3,ET JA3 Hash - [Abuse.ch] Possible Dridex
382,2022-03-15 09:49:12,10.3.14.103,57226,190.123.44.113,4444,alert,2,ET INFO Suspicious Domain (*.icu) in TLS SNI
383,2022-03-15 09:51:20,10.3.14.103,57256,86.98.27.253,443,alert,3,ET JA3 Hash - [Abuse.ch] Possible Dridex
384,2022-03-15 09:51:22,10.3.14.103,57257,86.98.27.253,443,alert,3,ET JA3 Hash - [Abuse.ch] Possible Dridex
385,2022-03-15 09:52:24,10.3.14.103,57259,86.98.27.253,443,alert,3,ET JA3 Hash - [Abuse.ch] Possible Dridex
386,2022-03-15 09:57:41,10.3.14.103,57265,86.98.27.253,443,alert,3,ET JA3 Hash - [Abuse.ch] Possible Dridex
387,2022-03-15 10:03:02,10.3.14.103,57268,86.98.27.253,443,alert,3,ET JA3 Hash - [Abuse.ch] Possible Dridex
388,2022-03-15 10:08:20,10.3.14.103,57269,86.98.27.253,443,alert,3,ET JA3 Hash - [Abuse.ch] Possible Dridex
389,2022-03-15 10:13:39,10.3.14.103,57270,86.98.27.253,443,alert,3,ET JA3 Hash - [Abuse.ch] Possible Dridex
390,2022-03-15 10:18:55,10.3.14.103,57274,86.98.27.253,443,alert,3,ET JA3 Hash - [Abuse.ch] Possible Dridex
391,2022-03-15 10:24:12,10.3.14.103,57275,86.98.27.253,443,alert,3,ET JA3 Hash - [Abuse.ch] Possible Dridex
392,2022-03-15 10:29:32,10.3.14.103,57282,86.98.27.253,443,alert,3,ET JA3 Hash - [Abuse.ch] Possible Dridex
393,2022-03-15 10:34:49,10.3.14.103,57289,86.98.27.253,443,alert,3,ET JA3 Hash - [Abuse.ch] Possible Dridex
394,2022-03-15 10:40:09,10.3.14.103,57290,86.98.27.253,443,alert,3,ET JA3 Hash - [Abuse.ch] Possible Dridex
395,2022-03-15 10:45:30,10.3.14.103,57291,86.98.27.253,443,alert,3,ET JA3 Hash - [Abuse.ch] Possible Dridex
396,2022-03-15 10:50:51,10.3.14.103,57294,86.98.27.253,443,alert,3,ET JA3 Hash - [Abuse.ch] Possible Dridex
397,2022-03-15 10:56:07,10.3.14.103,57296,86.98.27.253,443,alert,3,ET JA3 Hash - [Abuse.ch] Possible Dridex
