"2022-03-14T16:45:20.040834-0300","101.99.95.190",80,"10.3.14.103",56439,"alert",1,"ET MALWARE Likely Evil EXE download from dotted Quad by MSXMLHTTP M1"
"2022-03-14T16:45:20.375574-0300","101.99.95.190",80,"10.3.14.103",56439,"alert",1,"ET MALWARE Likely Evil EXE download from dotted Quad by MSXMLHTTP M2"
"2022-03-14T16:45:20.375574-0300","101.99.95.190",80,"10.3.14.103",56439,"alert",1,"ET MALWARE Likely Evil EXE download from MSXMLHTTP non-exe extension M2"
"2022-03-14T16:45:20.375574-0300","101.99.95.190",80,"10.3.14.103",56439,"alert",1,"ET POLICY PE EXE or DLL Windows file download HTTP"
"2022-03-14T16:45:20.375574-0300","101.99.95.190",80,"10.3.14.103",56439,"alert",2,"ET HUNTING SUSPICIOUS Dotted Quad Host MZ Response"
"2022-03-14T16:45:20.375574-0300","101.99.95.190",80,"10.3.14.103",56439,"alert",3,"ET INFO EXE - Served Attached HTTP"
"2022-03-14T16:45:22.215181-0300","146.70.81.64",80,"10.3.14.103",56440,"alert",1,"ET MALWARE Likely Evil EXE download from dotted Quad by MSXMLHTTP M1"
"2022-03-14T16:45:22.530623-0300","146.70.81.64",80,"10.3.14.103",56440,"alert",1,"ET MALWARE Likely Evil EXE download from dotted Quad by MSXMLHTTP M2"
"2022-03-14T16:45:22.530623-0300","146.70.81.64",80,"10.3.14.103",56440,"alert",1,"ET MALWARE Likely Evil EXE download from MSXMLHTTP non-exe extension M2"
"2022-03-14T16:45:22.530623-0300","146.70.81.64",80,"10.3.14.103",56440,"alert",1,"ET POLICY PE EXE or DLL Windows file download HTTP"
"2022-03-14T16:45:22.530623-0300","146.70.81.64",80,"10.3.14.103",56440,"alert",2,"ET HUNTING SUSPICIOUS Dotted Quad Host MZ Response"
"2022-03-14T16:45:22.530623-0300","146.70.81.64",80,"10.3.14.103",56440,"alert",3,"ET INFO EXE - Served Attached HTTP"
"2022-03-14T16:45:24.039415-0300","190.14.37.12",80,"10.3.14.103",56441,"alert",1,"ET MALWARE Likely Evil EXE download from dotted Quad by MSXMLHTTP M1"
"2022-03-14T16:45:24.280077-0300","190.14.37.12",80,"10.3.14.103",56441,"alert",1,"ET MALWARE Likely Evil EXE download from dotted Quad by MSXMLHTTP M2"
"2022-03-14T16:45:24.280077-0300","190.14.37.12",80,"10.3.14.103",56441,"alert",1,"ET MALWARE Likely Evil EXE download from MSXMLHTTP non-exe extension M2"
"2022-03-14T16:45:24.280077-0300","190.14.37.12",80,"10.3.14.103",56441,"alert",1,"ET POLICY PE EXE or DLL Windows file download HTTP"
"2022-03-14T16:45:24.280077-0300","190.14.37.12",80,"10.3.14.103",56441,"alert",2,"ET HUNTING SUSPICIOUS Dotted Quad Host MZ Response"
"2022-03-14T16:45:24.280077-0300","190.14.37.12",80,"10.3.14.103",56441,"alert",3,"ET INFO EXE - Served Attached HTTP"
"2022-03-14T16:53:02.597682-0300","10.3.14.103",56450,"201.170.181.247",443,"alert",3,"ET JA3 Hash - [Abuse.ch] Possible Dridex"
"2022-03-14T16:53:04.776267-0300","10.3.14.103",56453,"10.3.14.3",139,"alert",3,"SURICATA Applayer Detect protocol only one direction"
"2022-03-14T16:53:06.510129-0300","10.3.14.103",56454,"201.170.181.247",443,"alert",3,"ET JA3 Hash - [Abuse.ch] Possible Dridex"
"2022-03-14T16:53:07.949490-0300","10.3.14.103",56455,"201.170.181.247",443,"alert",3,"ET JA3 Hash - [Abuse.ch] Possible Dridex"
"2022-03-14T16:53:29.995259-0300","10.3.14.103",56456,"201.170.181.247",443,"alert",3,"ET JA3 Hash - [Abuse.ch] Possible Dridex"
"2022-03-14T16:57:48.215320-0300","10.3.14.103",56457,"201.170.181.247",443,"alert",3,"ET JA3 Hash - [Abuse.ch] Possible Dridex"
"2022-03-14T17:03:08.918379-0300","10.3.14.103",56459,"201.170.181.247",443,"alert",3,"ET JA3 Hash - [Abuse.ch] Possible Dridex"
"2022-03-14T17:08:25.532591-0300","10.3.14.103",56461,"201.170.181.247",443,"alert",3,"ET JA3 Hash - [Abuse.ch] Possible Dridex"
"2022-03-14T17:13:42.036862-0300","10.3.14.103",56462,"201.170.181.247",443,"alert",3,"ET JA3 Hash - [Abuse.ch] Possible Dridex"
"2022-03-14T17:19:02.846844-0300","10.3.14.103",56465,"201.170.181.247",443,"alert",3,"ET JA3 Hash - [Abuse.ch] Possible Dridex"
"2022-03-14T17:24:19.368713-0300","10.3.14.103",56470,"201.170.181.247",443,"alert",3,"ET JA3 Hash - [Abuse.ch] Possible Dridex"
"2022-03-14T17:29:40.117371-0300","10.3.14.103",56476,"201.170.181.247",443,"alert",3,"ET JA3 Hash - [Abuse.ch] Possible Dridex"
"2022-03-14T17:34:56.842511-0300","10.3.14.103",56478,"201.170.181.247",443,"alert",3,"ET JA3 Hash - [Abuse.ch] Possible Dridex"
"2022-03-14T17:40:13.311239-0300","10.3.14.103",56479,"201.170.181.247",443,"alert",3,"ET JA3 Hash - [Abuse.ch] Possible Dridex"
"2022-03-14T17:45:34.113545-0300","10.3.14.103",56480,"201.170.181.247",443,"alert",3,"ET JA3 Hash - [Abuse.ch] Possible Dridex"
"2022-03-14T17:50:50.607677-0300","10.3.14.103",56485,"201.170.181.247",443,"alert",3,"ET JA3 Hash - [Abuse.ch] Possible Dridex"
"2022-03-14T17:56:10.120683-0300","10.3.14.103",56486,"201.170.181.247",443,"alert",3,"ET JA3 Hash - [Abuse.ch] Possible Dridex"
"2022-03-14T17:56:14.512292-0300","10.3.14.103",56487,"201.170.181.247",443,"alert",3,"ET JA3 Hash - [Abuse.ch] Possible Dridex"
"2022-03-14T17:57:11.151898-0300","10.3.14.103",56488,"201.170.181.247",443,"alert",3,"ET JA3 Hash - [Abuse.ch] Possible Dridex"
"2022-03-14T17:57:11.835779-0300","10.3.14.103",56489,"201.170.181.247",443,"alert",3,"ET JA3 Hash - [Abuse.ch] Possible Dridex"
"2022-03-14T17:58:15.383951-0300","10.3.14.103",56491,"201.170.181.247",443,"alert",3,"ET JA3 Hash - [Abuse.ch] Possible Dridex"
"2022-03-14T17:58:18.452499-0300","10.3.14.103",56492,"201.170.181.247",443,"alert",3,"ET JA3 Hash - [Abuse.ch] Possible Dridex"
"2022-03-14T17:59:19.469928-0300","10.3.14.103",56495,"201.170.181.247",443,"alert",3,"ET JA3 Hash - [Abuse.ch] Possible Dridex"
"2022-03-14T17:59:21.911404-0300","10.3.14.103",56496,"201.170.181.247",443,"alert",3,"ET JA3 Hash - [Abuse.ch] Possible Dridex"
"2022-03-14T18:00:23.489815-0300","10.3.14.103",56497,"201.170.181.247",443,"alert",3,"ET JA3 Hash - [Abuse.ch] Possible Dridex"
"2022-03-14T18:00:25.665055-0300","10.3.14.103",56498,"201.170.181.247",443,"alert",3,"ET JA3 Hash - [Abuse.ch] Possible Dridex"
"2022-03-14T18:01:30.632763-0300","10.3.14.103",56499,"201.170.181.247",443,"alert",3,"ET JA3 Hash - [Abuse.ch] Possible Dridex"
"2022-03-14T18:01:41.070818-0300","10.3.14.103",56501,"201.170.181.247",443,"alert",3,"ET JA3 Hash - [Abuse.ch] Possible Dridex"
"2022-03-14T18:02:32.030801-0300","10.3.14.103",56502,"201.170.181.247",443,"alert",3,"ET JA3 Hash - [Abuse.ch] Possible Dridex"
"2022-03-14T18:02:35.636590-0300","10.3.14.103",56503,"201.170.181.247",443,"alert",3,"ET JA3 Hash - [Abuse.ch] Possible Dridex"
"2022-03-14T18:03:35.856505-0300","10.3.14.103",56509,"201.170.181.247",443,"alert",3,"ET JA3 Hash - [Abuse.ch] Possible Dridex"
"2022-03-14T18:03:39.925109-0300","10.3.14.103",56509,"201.170.181.247",443,"alert",3,"SURICATA STREAM excessive retransmissions"
"2022-03-14T18:03:46.142181-0300","10.3.14.103",56510,"201.170.181.247",443,"alert",3,"ET JA3 Hash - [Abuse.ch] Possible Dridex"
"2022-03-14T18:04:39.940572-0300","10.3.14.103",56511,"201.170.181.247",443,"alert",3,"ET JA3 Hash - [Abuse.ch] Possible Dridex"
"2022-03-14T18:09:56.758883-0300","10.3.14.103",56517,"201.170.181.247",443,"alert",3,"ET JA3 Hash - [Abuse.ch] Possible Dridex"
"2022-03-14T18:15:13.141093-0300","10.3.14.103",56518,"201.170.181.247",443,"alert",3,"ET JA3 Hash - [Abuse.ch] Possible Dridex"
"2022-03-14T18:20:33.845013-0300","10.3.14.103",56521,"201.170.181.247",443,"alert",3,"ET JA3 Hash - [Abuse.ch] Possible Dridex"
"2022-03-14T18:25:50.457308-0300","10.3.14.103",56522,"201.170.181.247",443,"alert",3,"ET JA3 Hash - [Abuse.ch] Possible Dridex"
"2022-03-14T18:31:10.888075-0300","10.3.14.103",56528,"201.170.181.247",443,"alert",3,"ET JA3 Hash - [Abuse.ch] Possible Dridex"
"2022-03-14T18:36:27.552950-0300","10.3.14.103",56531,"201.170.181.247",443,"alert",3,"ET JA3 Hash - [Abuse.ch] Possible Dridex"
"2022-03-14T18:41:44.121565-0300","10.3.14.103",56532,"201.170.181.247",443,"alert",3,"ET JA3 Hash - [Abuse.ch] Possible Dridex"
"2022-03-14T18:47:04.608523-0300","10.3.14.103",56534,"201.170.181.247",443,"alert",3,"ET JA3 Hash - [Abuse.ch] Possible Dridex"
"2022-03-14T18:52:25.276366-0300","10.3.14.103",56536,"201.170.181.247",443,"alert",3,"ET JA3 Hash - [Abuse.ch] Possible Dridex"
"2022-03-14T18:57:45.698177-0300","10.3.14.103",56538,"201.170.181.247",443,"alert",3,"ET JA3 Hash - [Abuse.ch] Possible Dridex"
"2022-03-14T19:03:02.372402-0300","10.3.14.103",56541,"201.170.181.247",443,"alert",3,"ET JA3 Hash - [Abuse.ch] Possible Dridex"
"2022-03-14T19:08:25.977211-0300","10.3.14.103",56542,"201.170.181.247",443,"alert",3,"ET JA3 Hash - [Abuse.ch] Possible Dridex"
"2022-03-14T19:13:39.379115-0300","10.3.14.103",56543,"201.170.181.247",443,"alert",3,"ET JA3 Hash - [Abuse.ch] Possible Dridex"
"2022-03-14T19:18:55.985476-0300","10.3.14.103",56545,"201.170.181.247",443,"alert",3,"ET JA3 Hash - [Abuse.ch] Possible Dridex"
"2022-03-14T19:24:19.608095-0300","10.3.14.103",56546,"201.170.181.247",443,"alert",3,"ET JA3 Hash - [Abuse.ch] Possible Dridex"
"2022-03-14T19:29:33.285377-0300","10.3.14.103",56554,"201.170.181.247",443,"alert",3,"ET JA3 Hash - [Abuse.ch] Possible Dridex"
"2022-03-14T19:34:54.067960-0300","10.3.14.103",56561,"201.170.181.247",443,"alert",3,"ET JA3 Hash - [Abuse.ch] Possible Dridex"
"2022-03-14T19:40:10.227252-0300","10.3.14.103",56564,"201.170.181.247",443,"alert",3,"ET JA3 Hash - [Abuse.ch] Possible Dridex"
"2022-03-14T19:45:30.701191-0300","10.3.14.103",56565,"201.170.181.247",443,"alert",3,"ET JA3 Hash - [Abuse.ch] Possible Dridex"
"2022-03-14T19:50:47.372991-0300","10.3.14.103",56568,"201.170.181.247",443,"alert",3,"ET JA3 Hash - [Abuse.ch] Possible Dridex"
"2022-03-14T19:56:08.011662-0300","10.3.14.103",56569,"201.170.181.247",443,"alert",3,"ET JA3 Hash - [Abuse.ch] Possible Dridex"
"2022-03-14T20:01:28.433914-0300","10.3.14.103",56571,"201.170.181.247",443,"alert",3,"ET JA3 Hash - [Abuse.ch] Possible Dridex"
"2022-03-14T20:06:44.931858-0300","10.3.14.103",56579,"201.170.181.247",443,"alert",3,"ET JA3 Hash - [Abuse.ch] Possible Dridex"
"2022-03-14T20:12:05.486743-0300","10.3.14.103",56580,"201.170.181.247",443,"alert",3,"ET JA3 Hash - [Abuse.ch] Possible Dridex"
"2022-03-14T20:17:22.049304-0300","10.3.14.103",56582,"201.170.181.247",443,"alert",3,"ET JA3 Hash - [Abuse.ch] Possible Dridex"
"2022-03-14T20:22:42.639379-0300","10.3.14.103",56588,"201.170.181.247",443,"alert",3,"ET JA3 Hash - [Abuse.ch] Possible Dridex"
"2022-03-14T20:28:03.088426-0300","10.3.14.103",56594,"201.170.181.247",443,"alert",3,"ET JA3 Hash - [Abuse.ch] Possible Dridex"
"2022-03-14T20:34:15.539712-0300","10.3.14.103",56600,"76.169.147.192",32103,"alert",3,"ET JA3 Hash - [Abuse.ch] Possible Dridex"
"2022-03-14T20:34:15.709440-0300","76.169.147.192",32103,"10.3.14.103",56600,"alert",1,"ET MALWARE Observed Qbot Style SSL Certificate"
"2022-03-14T20:38:40.321301-0300","10.3.14.103",56609,"76.169.147.192",32103,"alert",3,"ET JA3 Hash - [Abuse.ch] Possible Dridex"
"2022-03-14T20:38:40.466857-0300","76.169.147.192",32103,"10.3.14.103",56609,"alert",1,"ET MALWARE Observed Qbot Style SSL Certificate"
"2022-03-14T20:44:00.896859-0300","10.3.14.103",56610,"76.169.147.192",32103,"alert",3,"ET JA3 Hash - [Abuse.ch] Possible Dridex"
"2022-03-14T20:44:01.050602-0300","76.169.147.192",32103,"10.3.14.103",56610,"alert",1,"ET MALWARE Observed Qbot Style SSL Certificate"
"2022-03-14T20:49:17.458114-0300","10.3.14.103",56613,"76.169.147.192",32103,"alert",3,"ET JA3 Hash - [Abuse.ch] Possible Dridex"
"2022-03-14T20:49:17.602639-0300","76.169.147.192",32103,"10.3.14.103",56613,"alert",1,"ET MALWARE Observed Qbot Style SSL Certificate"
"2022-03-14T20:54:33.929545-0300","10.3.14.103",56616,"76.169.147.192",32103,"alert",3,"ET JA3 Hash - [Abuse.ch] Possible Dridex"
"2022-03-14T20:54:34.024413-0300","76.169.147.192",32103,"10.3.14.103",56616,"alert",1,"ET MALWARE Observed Qbot Style SSL Certificate"
"2022-03-14T20:59:54.627458-0300","10.3.14.103",56618,"76.169.147.192",32103,"alert",3,"ET JA3 Hash - [Abuse.ch] Possible Dridex"
"2022-03-14T20:59:54.769556-0300","76.169.147.192",32103,"10.3.14.103",56618,"alert",1,"ET MALWARE Observed Qbot Style SSL Certificate"
"2022-03-14T21:05:11.139061-0300","10.3.14.103",56625,"76.169.147.192",32103,"alert",3,"ET JA3 Hash - [Abuse.ch] Possible Dridex"
"2022-03-14T21:05:11.283716-0300","76.169.147.192",32103,"10.3.14.103",56625,"alert",1,"ET MALWARE Observed Qbot Style SSL Certificate"
"2022-03-14T21:10:31.683625-0300","10.3.14.103",56626,"76.169.147.192",32103,"alert",3,"ET JA3 Hash - [Abuse.ch] Possible Dridex"
"2022-03-14T21:10:31.794537-0300","76.169.147.192",32103,"10.3.14.103",56626,"alert",1,"ET MALWARE Observed Qbot Style SSL Certificate"
"2022-03-14T21:15:48.288044-0300","10.3.14.103",56627,"76.169.147.192",32103,"alert",3,"ET JA3 Hash - [Abuse.ch] Possible Dridex"
"2022-03-14T21:15:48.411702-0300","76.169.147.192",32103,"10.3.14.103",56627,"alert",1,"ET MALWARE Observed Qbot Style SSL Certificate"
"2022-03-14T21:21:04.925004-0300","10.3.14.103",56629,"76.169.147.192",32103,"alert",3,"ET JA3 Hash - [Abuse.ch] Possible Dridex"
"2022-03-14T21:21:05.022593-0300","76.169.147.192",32103,"10.3.14.103",56629,"alert",1,"ET MALWARE Observed Qbot Style SSL Certificate"
"2022-03-14T21:26:25.569003-0300","10.3.14.103",56630,"76.169.147.192",32103,"alert",3,"ET JA3 Hash - [Abuse.ch] Possible Dridex"
"2022-03-14T21:26:25.696730-0300","76.169.147.192",32103,"10.3.14.103",56630,"alert",1,"ET MALWARE Observed Qbot Style SSL Certificate"
"2022-03-14T21:31:42.091701-0300","10.3.14.103",56637,"76.169.147.192",32103,"alert",3,"ET JA3 Hash - [Abuse.ch] Possible Dridex"
"2022-03-14T21:31:42.232830-0300","76.169.147.192",32103,"10.3.14.103",56637,"alert",1,"ET MALWARE Observed Qbot Style SSL Certificate"
"2022-03-14T21:37:02.824073-0300","10.3.14.103",56639,"76.169.147.192",32103,"alert",3,"ET JA3 Hash - [Abuse.ch] Possible Dridex"
"2022-03-14T21:37:02.940821-0300","76.169.147.192",32103,"10.3.14.103",56639,"alert",1,"ET MALWARE Observed Qbot Style SSL Certificate"
"2022-03-14T21:42:19.288233-0300","10.3.14.103",56640,"76.169.147.192",32103,"alert",3,"ET JA3 Hash - [Abuse.ch] Possible Dridex"
"2022-03-14T21:42:19.426503-0300","76.169.147.192",32103,"10.3.14.103",56640,"alert",1,"ET MALWARE Observed Qbot Style SSL Certificate"
"2022-03-14T21:47:36.037134-0300","10.3.14.103",56642,"76.169.147.192",32103,"alert",3,"ET JA3 Hash - [Abuse.ch] Possible Dridex"
"2022-03-14T21:47:36.158904-0300","76.169.147.192",32103,"10.3.14.103",56642,"alert",1,"ET MALWARE Observed Qbot Style SSL Certificate"
"2022-03-14T21:52:56.614241-0300","10.3.14.103",56644,"76.169.147.192",32103,"alert",3,"ET JA3 Hash - [Abuse.ch] Possible Dridex"
"2022-03-14T21:52:56.754636-0300","76.169.147.192",32103,"10.3.14.103",56644,"alert",1,"ET MALWARE Observed Qbot Style SSL Certificate"
"2022-03-14T21:58:13.148186-0300","10.3.14.103",56651,"76.169.147.192",32103,"alert",3,"ET JA3 Hash - [Abuse.ch] Possible Dridex"
"2022-03-14T21:58:13.280972-0300","76.169.147.192",32103,"10.3.14.103",56651,"alert",1,"ET MALWARE Observed Qbot Style SSL Certificate"
"2022-03-14T22:03:29.811001-0300","10.3.14.103",56653,"76.169.147.192",32103,"alert",3,"ET JA3 Hash - [Abuse.ch] Possible Dridex"
"2022-03-14T22:03:29.921024-0300","76.169.147.192",32103,"10.3.14.103",56653,"alert",1,"ET MALWARE Observed Qbot Style SSL Certificate"
"2022-03-14T22:08:53.188146-0300","10.3.14.103",56654,"76.169.147.192",32103,"alert",3,"ET JA3 Hash - [Abuse.ch] Possible Dridex"
"2022-03-14T22:08:53.317803-0300","76.169.147.192",32103,"10.3.14.103",56654,"alert",1,"ET MALWARE Observed Qbot Style SSL Certificate"
"2022-03-14T22:14:06.846432-0300","10.3.14.103",56655,"76.169.147.192",32103,"alert",3,"ET JA3 Hash - [Abuse.ch] Possible Dridex"
"2022-03-14T22:14:07.000070-0300","76.169.147.192",32103,"10.3.14.103",56655,"alert",1,"ET MALWARE Observed Qbot Style SSL Certificate"
"2022-03-14T22:19:27.413218-0300","10.3.14.103",56662,"76.169.147.192",32103,"alert",3,"ET JA3 Hash - [Abuse.ch] Possible Dridex"
"2022-03-14T22:19:27.537839-0300","76.169.147.192",32103,"10.3.14.103",56662,"alert",1,"ET MALWARE Observed Qbot Style SSL Certificate"
"2022-03-14T22:24:44.007015-0300","10.3.14.103",56663,"76.169.147.192",32103,"alert",3,"ET JA3 Hash - [Abuse.ch] Possible Dridex"
"2022-03-14T22:24:44.137014-0300","76.169.147.192",32103,"10.3.14.103",56663,"alert",1,"ET MALWARE Observed Qbot Style SSL Certificate"
"2022-03-14T22:30:04.515334-0300","10.3.14.103",56669,"76.169.147.192",32103,"alert",3,"ET JA3 Hash - [Abuse.ch] Possible Dridex"
"2022-03-14T22:30:04.677797-0300","76.169.147.192",32103,"10.3.14.103",56669,"alert",1,"ET MALWARE Observed Qbot Style SSL Certificate"
"2022-03-14T22:41:05.654512-0300","10.3.14.103",56696,"78.100.194.196",6883,"alert",3,"ET JA3 Hash - [Abuse.ch] Possible Dridex"
"2022-03-14T22:41:05.995799-0300","78.100.194.196",6883,"10.3.14.103",56696,"alert",1,"ET MALWARE Observed Qbot Style SSL Certificate"
"2022-03-14T22:45:58.559743-0300","10.3.14.103",56699,"78.100.194.196",6883,"alert",3,"ET JA3 Hash - [Abuse.ch] Possible Dridex"
"2022-03-14T22:45:58.918226-0300","78.100.194.196",6883,"10.3.14.103",56699,"alert",1,"ET MALWARE Observed Qbot Style SSL Certificate"
"2022-03-14T22:51:19.153882-0300","10.3.14.103",56704,"78.100.194.196",6883,"alert",3,"ET JA3 Hash - [Abuse.ch] Possible Dridex"
"2022-03-14T22:51:19.537837-0300","78.100.194.196",6883,"10.3.14.103",56704,"alert",1,"ET MALWARE Observed Qbot Style SSL Certificate"
"2022-03-14T22:56:35.592465-0300","10.3.14.103",56705,"78.100.194.196",6883,"alert",3,"ET JA3 Hash - [Abuse.ch] Possible Dridex"
"2022-03-14T22:56:36.664829-0300","78.100.194.196",6883,"10.3.14.103",56705,"alert",1,"ET MALWARE Observed Qbot Style SSL Certificate"
"2022-03-14T23:01:56.012289-0300","10.3.14.103",56709,"78.100.194.196",6883,"alert",3,"ET JA3 Hash - [Abuse.ch] Possible Dridex"
"2022-03-14T23:01:56.381844-0300","78.100.194.196",6883,"10.3.14.103",56709,"alert",1,"ET MALWARE Observed Qbot Style SSL Certificate"
"2022-03-14T23:07:12.623540-0300","10.3.14.103",56711,"78.100.194.196",6883,"alert",3,"ET JA3 Hash - [Abuse.ch] Possible Dridex"
"2022-03-14T23:07:12.935138-0300","78.100.194.196",6883,"10.3.14.103",56711,"alert",1,"ET MALWARE Observed Qbot Style SSL Certificate"
"2022-03-14T23:12:29.142621-0300","10.3.14.103",56712,"78.100.194.196",6883,"alert",3,"ET JA3 Hash - [Abuse.ch] Possible Dridex"
"2022-03-14T23:12:29.516964-0300","78.100.194.196",6883,"10.3.14.103",56712,"alert",1,"ET MALWARE Observed Qbot Style SSL Certificate"
"2022-03-14T23:17:49.581728-0300","10.3.14.103",56714,"78.100.194.196",6883,"alert",3,"ET JA3 Hash - [Abuse.ch] Possible Dridex"
"2022-03-14T23:17:49.891201-0300","78.100.194.196",6883,"10.3.14.103",56714,"alert",1,"ET MALWARE Observed Qbot Style SSL Certificate"
"2022-03-14T23:23:40.218951-0300","10.3.14.103",56717,"78.100.194.196",6883,"alert",3,"ET JA3 Hash - [Abuse.ch] Possible Dridex"
"2022-03-14T23:23:40.565763-0300","78.100.194.196",6883,"10.3.14.103",56717,"alert",1,"ET MALWARE Observed Qbot Style SSL Certificate"
"2022-03-14T23:28:26.865677-0300","10.3.14.103",56723,"78.100.194.196",6883,"alert",3,"ET JA3 Hash - [Abuse.ch] Possible Dridex"
"2022-03-14T23:28:27.212030-0300","78.100.194.196",6883,"10.3.14.103",56723,"alert",1,"ET MALWARE Observed Qbot Style SSL Certificate"
"2022-03-14T23:33:43.354935-0300","10.3.14.103",56725,"78.100.194.196",6883,"alert",3,"ET JA3 Hash - [Abuse.ch] Possible Dridex"
"2022-03-14T23:33:43.712453-0300","78.100.194.196",6883,"10.3.14.103",56725,"alert",1,"ET MALWARE Observed Qbot Style SSL Certificate"
"2022-03-14T23:39:04.065735-0300","10.3.14.103",56726,"78.100.194.196",6883,"alert",3,"ET JA3 Hash - [Abuse.ch] Possible Dridex"
"2022-03-14T23:39:05.296309-0300","78.100.194.196",6883,"10.3.14.103",56726,"alert",1,"ET MALWARE Observed Qbot Style SSL Certificate"
"2022-03-14T23:44:23.692749-0300","10.3.14.103",56727,"78.100.194.196",6883,"alert",3,"ET JA3 Hash - [Abuse.ch] Possible Dridex"
"2022-03-14T23:44:24.048230-0300","78.100.194.196",6883,"10.3.14.103",56727,"alert",1,"ET MALWARE Observed Qbot Style SSL Certificate"
"2022-03-14T23:49:57.009125-0300","10.3.14.103",56733,"78.100.194.196",6883,"alert",3,"ET JA3 Hash - [Abuse.ch] Possible Dridex"
"2022-03-14T23:49:57.363459-0300","78.100.194.196",6883,"10.3.14.103",56733,"alert",1,"ET MALWARE Observed Qbot Style SSL Certificate"
"2022-03-14T23:55:13.680141-0300","10.3.14.103",56743,"78.100.194.196",6883,"alert",3,"ET JA3 Hash - [Abuse.ch] Possible Dridex"
"2022-03-14T23:55:14.731396-0300","78.100.194.196",6883,"10.3.14.103",56743,"alert",1,"ET MALWARE Observed Qbot Style SSL Certificate"
"2022-03-15T00:00:14.433680-0300","10.3.14.103",56745,"78.100.194.196",6883,"alert",3,"ET JA3 Hash - [Abuse.ch] Possible Dridex"
"2022-03-15T00:00:14.809709-0300","78.100.194.196",6883,"10.3.14.103",56745,"alert",1,"ET MALWARE Observed Qbot Style SSL Certificate"
"2022-03-15T00:05:50.882119-0300","10.3.14.103",56755,"78.100.194.196",6883,"alert",3,"ET JA3 Hash - [Abuse.ch] Possible Dridex"
"2022-03-15T00:05:51.241776-0300","78.100.194.196",6883,"10.3.14.103",56755,"alert",1,"ET MALWARE Observed Qbot Style SSL Certificate"
"2022-03-15T00:11:07.418270-0300","10.3.14.103",56758,"78.100.194.196",6883,"alert",3,"ET JA3 Hash - [Abuse.ch] Possible Dridex"
"2022-03-15T00:11:07.775166-0300","78.100.194.196",6883,"10.3.14.103",56758,"alert",1,"ET MALWARE Observed Qbot Style SSL Certificate"
"2022-03-15T00:16:12.019945-0300","10.3.14.103",56763,"78.100.194.196",6883,"alert",3,"ET JA3 Hash - [Abuse.ch] Possible Dridex"
"2022-03-15T00:16:12.365675-0300","78.100.194.196",6883,"10.3.14.103",56763,"alert",1,"ET MALWARE Observed Qbot Style SSL Certificate"
"2022-03-15T00:22:05.582150-0300","10.3.14.103",56771,"78.100.194.196",6883,"alert",3,"ET JA3 Hash - [Abuse.ch] Possible Dridex"
"2022-03-15T00:22:05.995969-0300","78.100.194.196",6883,"10.3.14.103",56771,"alert",1,"ET MALWARE Observed Qbot Style SSL Certificate"
"2022-03-15T00:26:45.094127-0300","10.3.14.103",56776,"78.100.194.196",6883,"alert",3,"ET JA3 Hash - [Abuse.ch] Possible Dridex"
"2022-03-15T00:26:45.438580-0300","78.100.194.196",6883,"10.3.14.103",56776,"alert",1,"ET MALWARE Observed Qbot Style SSL Certificate"
"2022-03-15T00:32:05.523069-0300","10.3.14.103",56779,"78.100.194.196",6883,"alert",3,"ET JA3 Hash - [Abuse.ch] Possible Dridex"
"2022-03-15T00:32:05.893902-0300","78.100.194.196",6883,"10.3.14.103",56779,"alert",1,"ET MALWARE Observed Qbot Style SSL Certificate"
"2022-03-15T00:37:38.183394-0300","10.3.14.103",56790,"78.100.194.196",6883,"alert",3,"ET JA3 Hash - [Abuse.ch] Possible Dridex"
"2022-03-15T00:37:38.572049-0300","78.100.194.196",6883,"10.3.14.103",56790,"alert",1,"ET MALWARE Observed Qbot Style SSL Certificate"
"2022-03-15T00:48:33.063666-0300","10.3.14.103",56812,"103.87.95.131",2222,"alert",3,"ET JA3 Hash - [Abuse.ch] Possible Dridex"
"2022-03-15T00:48:33.263511-0300","103.87.95.131",2222,"10.3.14.103",56812,"alert",1,"ET MALWARE Observed Qbot Style SSL Certificate"
"2022-03-15T00:53:20.039375-0300","10.3.14.103",56815,"103.87.95.131",2222,"alert",3,"ET JA3 Hash - [Abuse.ch] Possible Dridex"
"2022-03-15T00:53:20.382959-0300","103.87.95.131",2222,"10.3.14.103",56815,"alert",1,"ET MALWARE Observed Qbot Style SSL Certificate"
"2022-03-15T00:58:36.333318-0300","10.3.14.103",56817,"103.87.95.131",2222,"alert",3,"ET JA3 Hash - [Abuse.ch] Possible Dridex"
"2022-03-15T00:58:36.688998-0300","103.87.95.131",2222,"10.3.14.103",56817,"alert",1,"ET MALWARE Observed Qbot Style SSL Certificate"
"2022-03-15T01:03:52.874631-0300","10.3.14.103",56819,"103.87.95.131",2222,"alert",3,"ET JA3 Hash - [Abuse.ch] Possible Dridex"
"2022-03-15T01:03:53.208277-0300","103.87.95.131",2222,"10.3.14.103",56819,"alert",1,"ET MALWARE Observed Qbot Style SSL Certificate"
"2022-03-15T01:09:13.607554-0300","10.3.14.103",56820,"103.87.95.131",2222,"alert",3,"ET JA3 Hash - [Abuse.ch] Possible Dridex"
"2022-03-15T01:09:13.945197-0300","103.87.95.131",2222,"10.3.14.103",56820,"alert",1,"ET MALWARE Observed Qbot Style SSL Certificate"
"2022-03-15T01:14:30.088378-0300","10.3.14.103",56821,"103.87.95.131",2222,"alert",3,"ET JA3 Hash - [Abuse.ch] Possible Dridex"
"2022-03-15T01:14:30.424979-0300","103.87.95.131",2222,"10.3.14.103",56821,"alert",1,"ET MALWARE Observed Qbot Style SSL Certificate"
"2022-03-15T01:19:50.784586-0300","10.3.14.103",56823,"103.87.95.131",2222,"alert",3,"ET JA3 Hash - [Abuse.ch] Possible Dridex"
"2022-03-15T01:19:51.133161-0300","103.87.95.131",2222,"10.3.14.103",56823,"alert",1,"ET MALWARE Observed Qbot Style SSL Certificate"
"2022-03-15T01:25:07.261800-0300","10.3.14.103",56824,"103.87.95.131",2222,"alert",3,"ET JA3 Hash - [Abuse.ch] Possible Dridex"
"2022-03-15T01:25:07.618074-0300","103.87.95.131",2222,"10.3.14.103",56824,"alert",1,"ET MALWARE Observed Qbot Style SSL Certificate"
"2022-03-15T01:30:27.812715-0300","10.3.14.103",56830,"103.87.95.131",2222,"alert",3,"ET JA3 Hash - [Abuse.ch] Possible Dridex"
"2022-03-15T01:30:28.150241-0300","103.87.95.131",2222,"10.3.14.103",56830,"alert",1,"ET MALWARE Observed Qbot Style SSL Certificate"
"2022-03-15T01:35:44.377814-0300","10.3.14.103",56837,"103.87.95.131",2222,"alert",3,"ET JA3 Hash - [Abuse.ch] Possible Dridex"
"2022-03-15T01:35:44.712184-0300","103.87.95.131",2222,"10.3.14.103",56837,"alert",1,"ET MALWARE Observed Qbot Style SSL Certificate"
"2022-03-15T01:41:00.925861-0300","10.3.14.103",56838,"103.87.95.131",2222,"alert",3,"ET JA3 Hash - [Abuse.ch] Possible Dridex"
"2022-03-15T01:41:01.288354-0300","103.87.95.131",2222,"10.3.14.103",56838,"alert",1,"ET MALWARE Observed Qbot Style SSL Certificate"
"2022-03-15T01:46:21.459859-0300","10.3.14.103",56839,"103.87.95.131",2222,"alert",3,"ET JA3 Hash - [Abuse.ch] Possible Dridex"
"2022-03-15T01:46:21.804230-0300","103.87.95.131",2222,"10.3.14.103",56839,"alert",1,"ET MALWARE Observed Qbot Style SSL Certificate"
"2022-03-15T01:51:38.124529-0300","10.3.14.103",56849,"103.87.95.131",2222,"alert",3,"ET JA3 Hash - [Abuse.ch] Possible Dridex"
"2022-03-15T01:51:38.463666-0300","103.87.95.131",2222,"10.3.14.103",56849,"alert",1,"ET MALWARE Observed Qbot Style SSL Certificate"
"2022-03-15T01:56:58.729021-0300","10.3.14.103",56851,"103.87.95.131",2222,"alert",3,"ET JA3 Hash - [Abuse.ch] Possible Dridex"
"2022-03-15T01:56:59.068395-0300","103.87.95.131",2222,"10.3.14.103",56851,"alert",1,"ET MALWARE Observed Qbot Style SSL Certificate"
"2022-03-15T02:02:15.319178-0300","10.3.14.103",56854,"103.87.95.131",2222,"alert",3,"ET JA3 Hash - [Abuse.ch] Possible Dridex"
"2022-03-15T02:02:15.686485-0300","103.87.95.131",2222,"10.3.14.103",56854,"alert",1,"ET MALWARE Observed Qbot Style SSL Certificate"
"2022-03-15T02:07:35.775436-0300","10.3.14.103",56856,"103.87.95.131",2222,"alert",3,"ET JA3 Hash - [Abuse.ch] Possible Dridex"
"2022-03-15T02:07:36.108893-0300","103.87.95.131",2222,"10.3.14.103",56856,"alert",1,"ET MALWARE Observed Qbot Style SSL Certificate"
"2022-03-15T02:12:52.242178-0300","10.3.14.103",56857,"103.87.95.131",2222,"alert",3,"ET JA3 Hash - [Abuse.ch] Possible Dridex"
"2022-03-15T02:12:52.614890-0300","103.87.95.131",2222,"10.3.14.103",56857,"alert",1,"ET MALWARE Observed Qbot Style SSL Certificate"
"2022-03-15T02:18:12.885214-0300","10.3.14.103",56859,"103.87.95.131",2222,"alert",3,"ET JA3 Hash - [Abuse.ch] Possible Dridex"
"2022-03-15T02:18:13.229039-0300","103.87.95.131",2222,"10.3.14.103",56859,"alert",1,"ET MALWARE Observed Qbot Style SSL Certificate"
"2022-03-15T02:23:29.414695-0300","10.3.14.103",56860,"103.87.95.131",2222,"alert",3,"ET JA3 Hash - [Abuse.ch] Possible Dridex"
"2022-03-15T02:23:29.794827-0300","103.87.95.131",2222,"10.3.14.103",56860,"alert",1,"ET MALWARE Observed Qbot Style SSL Certificate"
"2022-03-15T02:28:46.005620-0300","10.3.14.103",56866,"103.87.95.131",2222,"alert",3,"ET JA3 Hash - [Abuse.ch] Possible Dridex"
"2022-03-15T02:28:46.349262-0300","103.87.95.131",2222,"10.3.14.103",56866,"alert",1,"ET MALWARE Observed Qbot Style SSL Certificate"
"2022-03-15T02:34:06.559584-0300","10.3.14.103",56875,"103.87.95.131",2222,"alert",3,"ET JA3 Hash - [Abuse.ch] Possible Dridex"
"2022-03-15T02:34:06.894923-0300","103.87.95.131",2222,"10.3.14.103",56875,"alert",1,"ET MALWARE Observed Qbot Style SSL Certificate"
"2022-03-15T02:39:27.146327-0300","10.3.14.103",56876,"103.87.95.131",2222,"alert",3,"ET JA3 Hash - [Abuse.ch] Possible Dridex"
"2022-03-15T02:39:27.498167-0300","103.87.95.131",2222,"10.3.14.103",56876,"alert",1,"ET MALWARE Observed Qbot Style SSL Certificate"
"2022-03-15T02:44:47.753539-0300","10.3.14.103",56877,"103.87.95.131",2222,"alert",3,"ET JA3 Hash - [Abuse.ch] Possible Dridex"
"2022-03-15T02:44:48.093973-0300","103.87.95.131",2222,"10.3.14.103",56877,"alert",1,"ET MALWARE Observed Qbot Style SSL Certificate"
"2022-03-15T02:50:04.314724-0300","10.3.14.103",56880,"103.87.95.131",2222,"alert",3,"ET JA3 Hash - [Abuse.ch] Possible Dridex"
"2022-03-15T02:50:04.654407-0300","103.87.95.131",2222,"10.3.14.103",56880,"alert",1,"ET MALWARE Observed Qbot Style SSL Certificate"
"2022-03-15T02:55:20.846100-0300","10.3.14.103",56882,"103.87.95.131",2222,"alert",3,"ET JA3 Hash - [Abuse.ch] Possible Dridex"
"2022-03-15T02:55:21.176462-0300","103.87.95.131",2222,"10.3.14.103",56882,"alert",1,"ET MALWARE Observed Qbot Style SSL Certificate"
"2022-03-15T03:00:41.299858-0300","10.3.14.103",56884,"103.87.95.131",2222,"alert",3,"ET JA3 Hash - [Abuse.ch] Possible Dridex"
"2022-03-15T03:00:41.635547-0300","103.87.95.131",2222,"10.3.14.103",56884,"alert",1,"ET MALWARE Observed Qbot Style SSL Certificate"
"2022-03-15T03:05:57.983162-0300","10.3.14.103",56892,"103.87.95.131",2222,"alert",3,"ET JA3 Hash - [Abuse.ch] Possible Dridex"
"2022-03-15T03:05:58.318840-0300","103.87.95.131",2222,"10.3.14.103",56892,"alert",1,"ET MALWARE Observed Qbot Style SSL Certificate"
"2022-03-15T03:11:18.465636-0300","10.3.14.103",56893,"103.87.95.131",2222,"alert",3,"ET JA3 Hash - [Abuse.ch] Possible Dridex"
"2022-03-15T03:11:18.819480-0300","103.87.95.131",2222,"10.3.14.103",56893,"alert",1,"ET MALWARE Observed Qbot Style SSL Certificate"
"2022-03-15T03:16:35.036304-0300","10.3.14.103",56895,"103.87.95.131",2222,"alert",3,"ET JA3 Hash - [Abuse.ch] Possible Dridex"
"2022-03-15T03:16:35.372961-0300","103.87.95.131",2222,"10.3.14.103",56895,"alert",1,"ET MALWARE Observed Qbot Style SSL Certificate"
"2022-03-15T03:21:55.634222-0300","10.3.14.103",56896,"103.87.95.131",2222,"alert",3,"ET JA3 Hash - [Abuse.ch] Possible Dridex"
"2022-03-15T03:21:55.971740-0300","103.87.95.131",2222,"10.3.14.103",56896,"alert",1,"ET MALWARE Observed Qbot Style SSL Certificate"
"2022-03-15T03:27:12.054443-0300","10.3.14.103",56901,"103.87.95.131",2222,"alert",3,"ET JA3 Hash - [Abuse.ch] Possible Dridex"
"2022-03-15T03:27:12.394062-0300","103.87.95.131",2222,"10.3.14.103",56901,"alert",1,"ET MALWARE Observed Qbot Style SSL Certificate"
"2022-03-15T03:32:32.752253-0300","10.3.14.103",56905,"103.87.95.131",2222,"alert",3,"ET JA3 Hash - [Abuse.ch] Possible Dridex"
"2022-03-15T03:32:33.110583-0300","103.87.95.131",2222,"10.3.14.103",56905,"alert",1,"ET MALWARE Observed Qbot Style SSL Certificate"
"2022-03-15T03:37:49.332577-0300","10.3.14.103",56907,"103.87.95.131",2222,"alert",3,"ET JA3 Hash - [Abuse.ch] Possible Dridex"
"2022-03-15T03:37:49.665861-0300","103.87.95.131",2222,"10.3.14.103",56907,"alert",1,"ET MALWARE Observed Qbot Style SSL Certificate"
"2022-03-15T03:43:05.987827-0300","10.3.14.103",56913,"103.87.95.131",2222,"alert",3,"ET JA3 Hash - [Abuse.ch] Possible Dridex"
"2022-03-15T03:43:06.327107-0300","103.87.95.131",2222,"10.3.14.103",56913,"alert",1,"ET MALWARE Observed Qbot Style SSL Certificate"
"2022-03-15T03:48:26.467662-0300","10.3.14.103",56915,"103.87.95.131",2222,"alert",3,"ET JA3 Hash - [Abuse.ch] Possible Dridex"
"2022-03-15T03:48:26.837205-0300","103.87.95.131",2222,"10.3.14.103",56915,"alert",1,"ET MALWARE Observed Qbot Style SSL Certificate"
"2022-03-15T03:53:43.124945-0300","10.3.14.103",56917,"103.87.95.131",2222,"alert",3,"ET JA3 Hash - [Abuse.ch] Possible Dridex"
"2022-03-15T03:53:43.458637-0300","103.87.95.131",2222,"10.3.14.103",56917,"alert",1,"ET MALWARE Observed Qbot Style SSL Certificate"
"2022-03-15T03:59:03.700853-0300","10.3.14.103",56919,"103.87.95.131",2222,"alert",3,"ET JA3 Hash - [Abuse.ch] Possible Dridex"
"2022-03-15T03:59:04.041120-0300","103.87.95.131",2222,"10.3.14.103",56919,"alert",1,"ET MALWARE Observed Qbot Style SSL Certificate"
"2022-03-15T04:04:20.281878-0300","10.3.14.103",56921,"103.87.95.131",2222,"alert",3,"ET JA3 Hash - [Abuse.ch] Possible Dridex"
"2022-03-15T04:04:20.616801-0300","103.87.95.131",2222,"10.3.14.103",56921,"alert",1,"ET MALWARE Observed Qbot Style SSL Certificate"
"2022-03-15T04:09:36.751290-0300","10.3.14.103",56922,"103.87.95.131",2222,"alert",3,"ET JA3 Hash - [Abuse.ch] Possible Dridex"
"2022-03-15T04:09:37.087050-0300","103.87.95.131",2222,"10.3.14.103",56922,"alert",1,"ET MALWARE Observed Qbot Style SSL Certificate"
"2022-03-15T04:14:57.378238-0300","10.3.14.103",56923,"103.87.95.131",2222,"alert",3,"ET JA3 Hash - [Abuse.ch] Possible Dridex"
"2022-03-15T04:14:57.705649-0300","103.87.95.131",2222,"10.3.14.103",56923,"alert",1,"ET MALWARE Observed Qbot Style SSL Certificate"
"2022-03-15T04:20:13.906378-0300","10.3.14.103",56925,"103.87.95.131",2222,"alert",3,"ET JA3 Hash - [Abuse.ch] Possible Dridex"
"2022-03-15T04:20:14.241759-0300","103.87.95.131",2222,"10.3.14.103",56925,"alert",1,"ET MALWARE Observed Qbot Style SSL Certificate"
"2022-03-15T04:25:34.470990-0300","10.3.14.103",56926,"103.87.95.131",2222,"alert",3,"ET JA3 Hash - [Abuse.ch] Possible Dridex"
"2022-03-15T04:25:34.806789-0300","103.87.95.131",2222,"10.3.14.103",56926,"alert",1,"ET MALWARE Observed Qbot Style SSL Certificate"
"2022-03-15T04:30:51.082246-0300","10.3.14.103",56932,"103.87.95.131",2222,"alert",3,"ET JA3 Hash - [Abuse.ch] Possible Dridex"
"2022-03-15T04:30:51.422266-0300","103.87.95.131",2222,"10.3.14.103",56932,"alert",1,"ET MALWARE Observed Qbot Style SSL Certificate"
"2022-03-15T04:36:07.570956-0300","10.3.14.103",56947,"103.87.95.131",2222,"alert",3,"ET JA3 Hash - [Abuse.ch] Possible Dridex"
"2022-03-15T04:36:07.916189-0300","103.87.95.131",2222,"10.3.14.103",56947,"alert",1,"ET MALWARE Observed Qbot Style SSL Certificate"
"2022-03-15T04:41:28.172635-0300","10.3.14.103",56948,"103.87.95.131",2222,"alert",3,"ET JA3 Hash - [Abuse.ch] Possible Dridex"
"2022-03-15T04:41:28.502522-0300","103.87.95.131",2222,"10.3.14.103",56948,"alert",1,"ET MALWARE Observed Qbot Style SSL Certificate"
"2022-03-15T04:46:44.737854-0300","10.3.14.103",56950,"103.87.95.131",2222,"alert",3,"ET JA3 Hash - [Abuse.ch] Possible Dridex"
"2022-03-15T04:46:45.088280-0300","103.87.95.131",2222,"10.3.14.103",56950,"alert",1,"ET MALWARE Observed Qbot Style SSL Certificate"
"2022-03-15T04:52:05.227241-0300","10.3.14.103",56953,"103.87.95.131",2222,"alert",3,"ET JA3 Hash - [Abuse.ch] Possible Dridex"
"2022-03-15T04:52:05.571738-0300","103.87.95.131",2222,"10.3.14.103",56953,"alert",1,"ET MALWARE Observed Qbot Style SSL Certificate"
"2022-03-15T04:57:21.824113-0300","10.3.14.103",56954,"103.87.95.131",2222,"alert",3,"ET JA3 Hash - [Abuse.ch] Possible Dridex"
"2022-03-15T04:57:22.164522-0300","103.87.95.131",2222,"10.3.14.103",56954,"alert",1,"ET MALWARE Observed Qbot Style SSL Certificate"
"2022-03-15T05:02:42.305302-0300","10.3.14.103",56960,"103.87.95.131",2222,"alert",3,"ET JA3 Hash - [Abuse.ch] Possible Dridex"
"2022-03-15T05:02:42.654925-0300","103.87.95.131",2222,"10.3.14.103",56960,"alert",1,"ET MALWARE Observed Qbot Style SSL Certificate"
"2022-03-15T05:07:58.864553-0300","10.3.14.103",56962,"103.87.95.131",2222,"alert",3,"ET JA3 Hash - [Abuse.ch] Possible Dridex"
"2022-03-15T05:07:59.199182-0300","103.87.95.131",2222,"10.3.14.103",56962,"alert",1,"ET MALWARE Observed Qbot Style SSL Certificate"
"2022-03-15T05:13:19.458507-0300","10.3.14.103",56963,"103.87.95.131",2222,"alert",3,"ET JA3 Hash - [Abuse.ch] Possible Dridex"
"2022-03-15T05:13:19.793024-0300","103.87.95.131",2222,"10.3.14.103",56963,"alert",1,"ET MALWARE Observed Qbot Style SSL Certificate"
"2022-03-15T05:18:36.133533-0300","10.3.14.103",56965,"103.87.95.131",2222,"alert",3,"ET JA3 Hash - [Abuse.ch] Possible Dridex"
"2022-03-15T05:18:36.466179-0300","103.87.95.131",2222,"10.3.14.103",56965,"alert",1,"ET MALWARE Observed Qbot Style SSL Certificate"
"2022-03-15T05:23:52.699873-0300","10.3.14.103",56966,"103.87.95.131",2222,"alert",3,"ET JA3 Hash - [Abuse.ch] Possible Dridex"
"2022-03-15T05:23:53.028563-0300","103.87.95.131",2222,"10.3.14.103",56966,"alert",1,"ET MALWARE Observed Qbot Style SSL Certificate"
"2022-03-15T05:29:13.231882-0300","10.3.14.103",56972,"103.87.95.131",2222,"alert",3,"ET JA3 Hash - [Abuse.ch] Possible Dridex"
"2022-03-15T05:29:13.569492-0300","103.87.95.131",2222,"10.3.14.103",56972,"alert",1,"ET MALWARE Observed Qbot Style SSL Certificate"
"2022-03-15T05:34:29.764083-0300","10.3.14.103",56974,"103.87.95.131",2222,"alert",3,"ET JA3 Hash - [Abuse.ch] Possible Dridex"
"2022-03-15T05:34:30.103681-0300","103.87.95.131",2222,"10.3.14.103",56974,"alert",1,"ET MALWARE Observed Qbot Style SSL Certificate"
"2022-03-15T05:39:50.240261-0300","10.3.14.103",56980,"103.87.95.131",2222,"alert",3,"ET JA3 Hash - [Abuse.ch] Possible Dridex"
"2022-03-15T05:39:50.573954-0300","103.87.95.131",2222,"10.3.14.103",56980,"alert",1,"ET MALWARE Observed Qbot Style SSL Certificate"
"2022-03-15T05:45:06.954525-0300","10.3.14.103",56981,"103.87.95.131",2222,"alert",3,"ET JA3 Hash - [Abuse.ch] Possible Dridex"
"2022-03-15T05:45:07.298070-0300","103.87.95.131",2222,"10.3.14.103",56981,"alert",1,"ET MALWARE Observed Qbot Style SSL Certificate"
"2022-03-15T05:50:27.448459-0300","10.3.14.103",56985,"103.87.95.131",2222,"alert",3,"ET JA3 Hash - [Abuse.ch] Possible Dridex"
"2022-03-15T05:50:27.779112-0300","103.87.95.131",2222,"10.3.14.103",56985,"alert",1,"ET MALWARE Observed Qbot Style SSL Certificate"
"2022-03-15T05:55:44.024661-0300","10.3.14.103",56987,"103.87.95.131",2222,"alert",3,"ET JA3 Hash - [Abuse.ch] Possible Dridex"
"2022-03-15T05:55:44.377904-0300","103.87.95.131",2222,"10.3.14.103",56987,"alert",1,"ET MALWARE Observed Qbot Style SSL Certificate"
"2022-03-15T06:01:00.733342-0300","10.3.14.103",57026,"103.87.95.131",2222,"alert",3,"ET JA3 Hash - [Abuse.ch] Possible Dridex"
"2022-03-15T06:01:01.079599-0300","103.87.95.131",2222,"10.3.14.103",57026,"alert",1,"ET MALWARE Observed Qbot Style SSL Certificate"
"2022-03-15T06:06:21.254927-0300","10.3.14.103",57033,"103.87.95.131",2222,"alert",3,"ET JA3 Hash - [Abuse.ch] Possible Dridex"
"2022-03-15T06:06:21.588290-0300","103.87.95.131",2222,"10.3.14.103",57033,"alert",1,"ET MALWARE Observed Qbot Style SSL Certificate"
"2022-03-15T06:11:37.828989-0300","10.3.14.103",57044,"103.87.95.131",2222,"alert",3,"ET JA3 Hash - [Abuse.ch] Possible Dridex"
"2022-03-15T06:11:38.173982-0300","103.87.95.131",2222,"10.3.14.103",57044,"alert",1,"ET MALWARE Observed Qbot Style SSL Certificate"
"2022-03-15T06:16:58.274413-0300","10.3.14.103",57051,"103.87.95.131",2222,"alert",3,"ET JA3 Hash - [Abuse.ch] Possible Dridex"
"2022-03-15T06:16:58.608478-0300","103.87.95.131",2222,"10.3.14.103",57051,"alert",1,"ET MALWARE Observed Qbot Style SSL Certificate"
"2022-03-15T06:22:14.930252-0300","10.3.14.103",57052,"103.87.95.131",2222,"alert",3,"ET JA3 Hash - [Abuse.ch] Possible Dridex"
"2022-03-15T06:22:15.264013-0300","103.87.95.131",2222,"10.3.14.103",57052,"alert",1,"ET MALWARE Observed Qbot Style SSL Certificate"
"2022-03-15T06:27:35.468608-0300","10.3.14.103",57057,"103.87.95.131",2222,"alert",3,"ET JA3 Hash - [Abuse.ch] Possible Dridex"
"2022-03-15T06:27:35.799172-0300","103.87.95.131",2222,"10.3.14.103",57057,"alert",1,"ET MALWARE Observed Qbot Style SSL Certificate"
"2022-03-15T06:32:51.928495-0300","10.3.14.103",57060,"103.87.95.131",2222,"alert",3,"ET JA3 Hash - [Abuse.ch] Possible Dridex"
"2022-03-15T06:32:52.257438-0300","103.87.95.131",2222,"10.3.14.103",57060,"alert",1,"ET MALWARE Observed Qbot Style SSL Certificate"
"2022-03-15T06:38:08.555833-0300","10.3.14.103",57063,"103.87.95.131",2222,"alert",3,"ET JA3 Hash - [Abuse.ch] Possible Dridex"
"2022-03-15T06:38:08.888262-0300","103.87.95.131",2222,"10.3.14.103",57063,"alert",1,"ET MALWARE Observed Qbot Style SSL Certificate"
"2022-03-15T06:43:29.131904-0300","10.3.14.103",57064,"103.87.95.131",2222,"alert",3,"ET JA3 Hash - [Abuse.ch] Possible Dridex"
"2022-03-15T06:43:29.461694-0300","103.87.95.131",2222,"10.3.14.103",57064,"alert",1,"ET MALWARE Observed Qbot Style SSL Certificate"
"2022-03-15T06:48:45.693427-0300","10.3.14.103",57066,"103.87.95.131",2222,"alert",3,"ET JA3 Hash - [Abuse.ch] Possible Dridex"
"2022-03-15T06:48:46.005045-0300","103.87.95.131",2222,"10.3.14.103",57066,"alert",1,"ET MALWARE Observed Qbot Style SSL Certificate"
"2022-03-15T06:54:06.302194-0300","10.3.14.103",57069,"103.87.95.131",2222,"alert",3,"ET JA3 Hash - [Abuse.ch] Possible Dridex"
"2022-03-15T06:54:06.658625-0300","103.87.95.131",2222,"10.3.14.103",57069,"alert",1,"ET MALWARE Observed Qbot Style SSL Certificate"
"2022-03-15T06:59:22.794606-0300","10.3.14.103",57072,"103.87.95.131",2222,"alert",3,"ET JA3 Hash - [Abuse.ch] Possible Dridex"
"2022-03-15T06:59:23.126993-0300","103.87.95.131",2222,"10.3.14.103",57072,"alert",1,"ET MALWARE Observed Qbot Style SSL Certificate"
"2022-03-15T07:04:43.196464-0300","10.3.14.103",57074,"103.87.95.131",2222,"alert",3,"ET JA3 Hash - [Abuse.ch] Possible Dridex"
"2022-03-15T07:04:43.534266-0300","103.87.95.131",2222,"10.3.14.103",57074,"alert",1,"ET MALWARE Observed Qbot Style SSL Certificate"
"2022-03-15T07:09:59.771089-0300","10.3.14.103",57075,"103.87.95.131",2222,"alert",3,"ET JA3 Hash - [Abuse.ch] Possible Dridex"
"2022-03-15T07:10:00.109552-0300","103.87.95.131",2222,"10.3.14.103",57075,"alert",1,"ET MALWARE Observed Qbot Style SSL Certificate"
"2022-03-15T07:15:20.361039-0300","10.3.14.103",57076,"103.87.95.131",2222,"alert",3,"ET JA3 Hash - [Abuse.ch] Possible Dridex"
"2022-03-15T07:15:20.696461-0300","103.87.95.131",2222,"10.3.14.103",57076,"alert",1,"ET MALWARE Observed Qbot Style SSL Certificate"
"2022-03-15T07:20:36.896420-0300","10.3.14.103",57078,"103.87.95.131",2222,"alert",3,"ET JA3 Hash - [Abuse.ch] Possible Dridex"
"2022-03-15T07:20:37.234102-0300","103.87.95.131",2222,"10.3.14.103",57078,"alert",1,"ET MALWARE Observed Qbot Style SSL Certificate"
"2022-03-15T07:25:53.359316-0300","10.3.14.103",57079,"103.87.95.131",2222,"alert",3,"ET JA3 Hash - [Abuse.ch] Possible Dridex"
"2022-03-15T07:25:53.689151-0300","103.87.95.131",2222,"10.3.14.103",57079,"alert",1,"ET MALWARE Observed Qbot Style SSL Certificate"
"2022-03-15T07:31:13.884483-0300","10.3.14.103",57085,"103.87.95.131",2222,"alert",3,"ET JA3 Hash - [Abuse.ch] Possible Dridex"
"2022-03-15T07:31:14.219171-0300","103.87.95.131",2222,"10.3.14.103",57085,"alert",1,"ET MALWARE Observed Qbot Style SSL Certificate"
"2022-03-15T07:36:30.459090-0300","10.3.14.103",57098,"103.87.95.131",2222,"alert",3,"ET JA3 Hash - [Abuse.ch] Possible Dridex"
"2022-03-15T07:36:30.800422-0300","103.87.95.131",2222,"10.3.14.103",57098,"alert",1,"ET MALWARE Observed Qbot Style SSL Certificate"
"2022-03-15T07:41:51.070876-0300","10.3.14.103",57099,"103.87.95.131",2222,"alert",3,"ET JA3 Hash - [Abuse.ch] Possible Dridex"
"2022-03-15T07:41:51.404204-0300","103.87.95.131",2222,"10.3.14.103",57099,"alert",1,"ET MALWARE Observed Qbot Style SSL Certificate"
"2022-03-15T07:47:07.702191-0300","10.3.14.103",57101,"103.87.95.131",2222,"alert",3,"ET JA3 Hash - [Abuse.ch] Possible Dridex"
"2022-03-15T07:47:08.036791-0300","103.87.95.131",2222,"10.3.14.103",57101,"alert",1,"ET MALWARE Observed Qbot Style SSL Certificate"
"2022-03-15T07:52:28.220034-0300","10.3.14.103",57104,"103.87.95.131",2222,"alert",3,"ET JA3 Hash - [Abuse.ch] Possible Dridex"
"2022-03-15T07:52:28.597814-0300","103.87.95.131",2222,"10.3.14.103",57104,"alert",1,"ET MALWARE Observed Qbot Style SSL Certificate"
"2022-03-15T07:57:44.723692-0300","10.3.14.103",57105,"103.87.95.131",2222,"alert",3,"ET JA3 Hash - [Abuse.ch] Possible Dridex"
"2022-03-15T07:57:45.060213-0300","103.87.95.131",2222,"10.3.14.103",57105,"alert",1,"ET MALWARE Observed Qbot Style SSL Certificate"
"2022-03-15T08:03:05.346477-0300","10.3.14.103",57108,"103.87.95.131",2222,"alert",3,"ET JA3 Hash - [Abuse.ch] Possible Dridex"
"2022-03-15T08:03:05.689385-0300","103.87.95.131",2222,"10.3.14.103",57108,"alert",1,"ET MALWARE Observed Qbot Style SSL Certificate"
"2022-03-15T08:08:21.847641-0300","10.3.14.103",57110,"103.87.95.131",2222,"alert",3,"ET JA3 Hash - [Abuse.ch] Possible Dridex"
"2022-03-15T08:08:22.193504-0300","103.87.95.131",2222,"10.3.14.103",57110,"alert",1,"ET MALWARE Observed Qbot Style SSL Certificate"
"2022-03-15T08:13:42.410813-0300","10.3.14.103",57111,"103.87.95.131",2222,"alert",3,"ET JA3 Hash - [Abuse.ch] Possible Dridex"
"2022-03-15T08:13:42.740734-0300","103.87.95.131",2222,"10.3.14.103",57111,"alert",1,"ET MALWARE Observed Qbot Style SSL Certificate"
"2022-03-15T08:18:58.835131-0300","10.3.14.103",57121,"103.87.95.131",2222,"alert",3,"ET JA3 Hash - [Abuse.ch] Possible Dridex"
"2022-03-15T08:18:59.201625-0300","103.87.95.131",2222,"10.3.14.103",57121,"alert",1,"ET MALWARE Observed Qbot Style SSL Certificate"
"2022-03-15T08:24:15.407398-0300","10.3.14.103",57129,"103.87.95.131",2222,"alert",3,"ET JA3 Hash - [Abuse.ch] Possible Dridex"
"2022-03-15T08:24:15.732998-0300","103.87.95.131",2222,"10.3.14.103",57129,"alert",1,"ET MALWARE Observed Qbot Style SSL Certificate"
"2022-03-15T08:29:36.083611-0300","10.3.14.103",57135,"103.87.95.131",2222,"alert",3,"ET JA3 Hash - [Abuse.ch] Possible Dridex"
"2022-03-15T08:29:36.423384-0300","103.87.95.131",2222,"10.3.14.103",57135,"alert",1,"ET MALWARE Observed Qbot Style SSL Certificate"
"2022-03-15T08:34:52.613755-0300","10.3.14.103",57145,"103.87.95.131",2222,"alert",3,"ET JA3 Hash - [Abuse.ch] Possible Dridex"
"2022-03-15T08:34:52.959493-0300","103.87.95.131",2222,"10.3.14.103",57145,"alert",1,"ET MALWARE Observed Qbot Style SSL Certificate"
"2022-03-15T08:40:13.046011-0300","10.3.14.103",57146,"103.87.95.131",2222,"alert",3,"ET JA3 Hash - [Abuse.ch] Possible Dridex"
"2022-03-15T08:40:13.380779-0300","103.87.95.131",2222,"10.3.14.103",57146,"alert",1,"ET MALWARE Observed Qbot Style SSL Certificate"
"2022-03-15T08:45:29.719348-0300","10.3.14.103",57147,"103.87.95.131",2222,"alert",3,"ET JA3 Hash - [Abuse.ch] Possible Dridex"
"2022-03-15T08:45:30.053780-0300","103.87.95.131",2222,"10.3.14.103",57147,"alert",1,"ET MALWARE Observed Qbot Style SSL Certificate"
"2022-03-15T08:50:50.307498-0300","10.3.14.103",57153,"103.87.95.131",2222,"alert",3,"ET JA3 Hash - [Abuse.ch] Possible Dridex"
"2022-03-15T08:50:50.645037-0300","103.87.95.131",2222,"10.3.14.103",57153,"alert",1,"ET MALWARE Observed Qbot Style SSL Certificate"
"2022-03-15T08:56:06.694458-0300","10.3.14.103",57155,"103.87.95.131",2222,"alert",3,"ET JA3 Hash - [Abuse.ch] Possible Dridex"
"2022-03-15T08:56:07.046352-0300","103.87.95.131",2222,"10.3.14.103",57155,"alert",1,"ET MALWARE Observed Qbot Style SSL Certificate"
"2022-03-15T09:01:27.255903-0300","10.3.14.103",57157,"103.87.95.131",2222,"alert",3,"ET JA3 Hash - [Abuse.ch] Possible Dridex"
"2022-03-15T09:01:27.605541-0300","103.87.95.131",2222,"10.3.14.103",57157,"alert",1,"ET MALWARE Observed Qbot Style SSL Certificate"
"2022-03-15T09:06:44.857327-0300","10.3.14.103",57164,"103.87.95.131",2222,"alert",3,"ET JA3 Hash - [Abuse.ch] Possible Dridex"
"2022-03-15T09:06:45.184620-0300","103.87.95.131",2222,"10.3.14.103",57164,"alert",1,"ET MALWARE Observed Qbot Style SSL Certificate"
"2022-03-15T09:12:04.465129-0300","10.3.14.103",57165,"103.87.95.131",2222,"alert",3,"ET JA3 Hash - [Abuse.ch] Possible Dridex"
"2022-03-15T09:12:04.801026-0300","103.87.95.131",2222,"10.3.14.103",57165,"alert",1,"ET MALWARE Observed Qbot Style SSL Certificate"
"2022-03-15T09:17:25.010506-0300","10.3.14.103",57169,"103.87.95.131",2222,"alert",3,"ET JA3 Hash - [Abuse.ch] Possible Dridex"
"2022-03-15T09:17:25.322729-0300","103.87.95.131",2222,"10.3.14.103",57169,"alert",1,"ET MALWARE Observed Qbot Style SSL Certificate"
"2022-03-15T09:22:41.571813-0300","10.3.14.103",57170,"103.87.95.131",2222,"alert",3,"ET JA3 Hash - [Abuse.ch] Possible Dridex"
"2022-03-15T09:22:41.908035-0300","103.87.95.131",2222,"10.3.14.103",57170,"alert",1,"ET MALWARE Observed Qbot Style SSL Certificate"
"2022-03-15T09:28:02.077926-0300","10.3.14.103",57183,"103.87.95.131",2222,"alert",3,"ET JA3 Hash - [Abuse.ch] Possible Dridex"
"2022-03-15T09:28:02.408649-0300","103.87.95.131",2222,"10.3.14.103",57183,"alert",1,"ET MALWARE Observed Qbot Style SSL Certificate"
"2022-03-15T09:37:36.512437-0300","10.3.14.103",57207,"86.98.27.253",443,"alert",3,"ET JA3 Hash - [Abuse.ch] Possible Dridex"
"2022-03-15T09:38:35.274410-0300","10.3.14.103",57208,"86.98.27.253",443,"alert",3,"ET JA3 Hash - [Abuse.ch] Possible Dridex"
"2022-03-15T09:43:55.899218-0300","10.3.14.103",57209,"86.98.27.253",443,"alert",3,"ET JA3 Hash - [Abuse.ch] Possible Dridex"
"2022-03-15T09:44:00.506249-0300","10.3.14.103",57210,"86.98.27.253",443,"alert",3,"ET JA3 Hash - [Abuse.ch] Possible Dridex"
"2022-03-15T09:44:03.380839-0300","10.3.14.103",57212,"45.153.241.142",443,"alert",1,"ET MALWARE VNCStartServer BOT Variant CnC Beacon"
"2022-03-15T09:44:03.383560-0300","10.3.14.103",57211,"45.153.241.142",443,"alert",1,"ET MALWARE VNCStartServer USR Variant CnC Beacon"
"2022-03-15T09:44:59.935597-0300","10.3.14.103",57213,"86.98.27.253",443,"alert",3,"ET JA3 Hash - [Abuse.ch] Possible Dridex"
"2022-03-15T09:45:01.864638-0300","10.3.14.103",57214,"86.98.27.253",443,"alert",3,"ET JA3 Hash - [Abuse.ch] Possible Dridex"
"2022-03-15T09:45:03.627969-0300","10.3.14.103",55602,"10.3.14.3",53,"alert",1,"ET MALWARE Cobalt Strike Related Domain in DNS Lookup (runfs .icu)"
"2022-03-15T09:45:03.627969-0300","10.3.14.103",55602,"10.3.14.3",53,"alert",2,"ET INFO DNS Query for Suspicious .icu Domain"
"2022-03-15T09:45:04.214837-0300","190.123.44.113",4444,"10.3.14.103",57215,"alert",2,"ET HUNTING Observed Let's Encrypt Certificate for Suspicious TLD (.icu)"
"2022-03-15T09:45:05.229363-0300","10.3.14.103",57216,"190.123.44.113",4444,"alert",2,"ET INFO Suspicious Domain (*.icu) in TLS SNI"
"2022-03-15T09:46:03.982711-0300","10.3.14.103",57219,"86.98.27.253",443,"alert",3,"ET JA3 Hash - [Abuse.ch] Possible Dridex"
"2022-03-15T09:49:12.486848-0300","10.3.14.103",57226,"190.123.44.113",4444,"alert",2,"ET INFO Suspicious Domain (*.icu) in TLS SNI"
"2022-03-15T09:51:20.662097-0300","10.3.14.103",57256,"86.98.27.253",443,"alert",3,"ET JA3 Hash - [Abuse.ch] Possible Dridex"
"2022-03-15T09:51:22.081864-0300","10.3.14.103",57257,"86.98.27.253",443,"alert",3,"ET JA3 Hash - [Abuse.ch] Possible Dridex"
"2022-03-15T09:52:24.729990-0300","10.3.14.103",57259,"86.98.27.253",443,"alert",3,"ET JA3 Hash - [Abuse.ch] Possible Dridex"
"2022-03-15T09:57:41.454295-0300","10.3.14.103",57265,"86.98.27.253",443,"alert",3,"ET JA3 Hash - [Abuse.ch] Possible Dridex"
"2022-03-15T10:03:02.003403-0300","10.3.14.103",57268,"86.98.27.253",443,"alert",3,"ET JA3 Hash - [Abuse.ch] Possible Dridex"
"2022-03-15T10:08:20.044550-0300","10.3.14.103",57269,"86.98.27.253",443,"alert",3,"ET JA3 Hash - [Abuse.ch] Possible Dridex"
"2022-03-15T10:13:39.125085-0300","10.3.14.103",57270,"86.98.27.253",443,"alert",3,"ET JA3 Hash - [Abuse.ch] Possible Dridex"
"2022-03-15T10:18:55.594414-0300","10.3.14.103",57274,"86.98.27.253",443,"alert",3,"ET JA3 Hash - [Abuse.ch] Possible Dridex"
"2022-03-15T10:24:12.255592-0300","10.3.14.103",57275,"86.98.27.253",443,"alert",3,"ET JA3 Hash - [Abuse.ch] Possible Dridex"
"2022-03-15T10:29:32.807746-0300","10.3.14.103",57282,"86.98.27.253",443,"alert",3,"ET JA3 Hash - [Abuse.ch] Possible Dridex"
"2022-03-15T10:34:49.395277-0300","10.3.14.103",57289,"86.98.27.253",443,"alert",3,"ET JA3 Hash - [Abuse.ch] Possible Dridex"
"2022-03-15T10:40:09.874383-0300","10.3.14.103",57290,"86.98.27.253",443,"alert",3,"ET JA3 Hash - [Abuse.ch] Possible Dridex"
"2022-03-15T10:45:30.513058-0300","10.3.14.103",57291,"86.98.27.253",443,"alert",3,"ET JA3 Hash - [Abuse.ch] Possible Dridex"
"2022-03-15T10:50:51.004493-0300","10.3.14.103",57294,"86.98.27.253",443,"alert",3,"ET JA3 Hash - [Abuse.ch] Possible Dridex"
"2022-03-15T10:56:07.552122-0300","10.3.14.103",57296,"86.98.27.253",443,"alert",3,"ET JA3 Hash - [Abuse.ch] Possible Dridex"
